Symbol,AssetType,Name,Description,CIK,Exchange,Currency,Country,Sector,Industry,Address,FiscalYearEnd,LatestQuarter,MarketCapitalization,EBITDA,PERatio,PEGRatio,BookValue,DividendPerShare,DividendYield,EPS,RevenuePerShareTTM,ProfitMargin,OperatingMarginTTM,ReturnOnAssetsTTM,ReturnOnEquityTTM,RevenueTTM,GrossProfitTTM,DilutedEPSTTM,QuarterlyEarningsGrowthYOY,QuarterlyRevenueGrowthYOY,AnalystTargetPrice,TrailingPE,ForwardPE,PriceToSalesRatioTTM,PriceToBookRatio,EVToRevenue,EVToEBITDA,Beta,52WeekHigh,52WeekLow,50DayMovingAverage,200DayMovingAverage,SharesOutstanding,DividendDate,ExDividendDate,Note
A,Common Stock,Agilent Technologies Inc,"Agilent Technologies, Inc. is an American analytical instrumentation development and manufacturing company that offers its products and services to markets worldwide. Its global headquarters is located in Santa Clara, California.",1090872,NYSE,USD,USA,LIFE SCIENCES,INSTRUMENTS FOR MEAS & TESTING OF ELECTRICITY & ELEC SIGNALS,"5301 STEVENS CREEK BLVD, SANTA CLARA, CA, US",October,44592,35794477000,1787000000,30.26,2.383,17.16,0.792,0.007,3.941,21.29,0.187,0.227,0.0912,0.242,6445000000,3407000000,3.941,0,0.081,173.35,30.26,24.63,5.55,6.95,5.8,21.03,1.052,178.83,116.49,130.79,149.52,300113000,44678,44655,
AAPL,Common Stock,Apple Inc,"Apple Inc. is an American multinational technology company that specializes in consumer electronics, computer software, and online services. Apple is the world's largest technology company by revenue (totalling $274.5 billion in 2020) and, since January 2021, the world's most valuable company. As of 2021, Apple is the world's fourth-largest PC vendor by unit sales, and fourth-largest smartphone manufacturer. It is one of the Big Five American information technology companies, along with Amazon, Google, Microsoft, and Facebook.",320193,NASDAQ,USD,USA,TECHNOLOGY,ELECTRONIC COMPUTERS,"ONE INFINITE LOOP, CUPERTINO, CA, US",September,44651,2.57781E+12,1.28218E+11,26.26,3.031,4.402,0.865,0.0058,6.01,22.84,0.266,0.309,0.199,1.456,3.78323E+11,1.52836E+11,6.01,0.25,0.112,191.7,26.26,26.11,6.81,35.77,6.82,19.99,1.188,182.71,121.73,165.62,159.35,16319400000,44693,44687,
ABG,Common Stock,Asbury Automotive Group Inc,"Asbury Automotive Group, Inc. is an automobile retailer in the United States. The company is headquartered in Duluth, Georgia.",1144980,NYSE,USD,USA,TRADE & SERVICES,RETAIL-AUTO DEALERS & GASOLINE STATIONS,"2905 PREMIERE PARKWAY NW, SUITE 300, DULUTH, GA, US",December,44651,4356173000,833200000,7.09,0.881,110.07,0,0,26.49,494.36,0.0541,0.0804,0.0847,0.352,9837700000,1902200000,26.49,0.402,0.188,243.57,7.09,5.46,0.443,2.014,0.747,8.08,1.395,230.97,146.43,174.71,180.4,23188400,39682,39659,
ABT,Common Stock,Abbott Laboratories,"Abbott Laboratories is an American multinational medical devices and health care company with headquarters in Abbott Park, Illinois, United States. The company was founded by Chicago physician Wallace Calvin Abbott in 1888 to formulate known drugs; today, it sells medical devices, diagnostics, branded generic medicines and nutritional products. It split off its research-based pharmaceuticals business into AbbVie in 2013.",1800,NYSE,USD,USA,LIFE SCIENCES,PHARMACEUTICAL PREPARATIONS,"100 ABBOTT PARK ROAD, ABBOTT PARK, IL, US",December,44651,1.98973E+11,12756000000,28.64,6.87,20.3,1.82,0.0166,3.94,24.27,0.164,0.214,0.078,0.205,43074998000,25009000000,3.94,-0.075,0.072,141.77,28.64,23.42,4.619,5.59,4.693,18,0.734,141.53,103.78,119,124.69,1763480000,44697,44664,
ACN,Common Stock,Accenture plc,"Accenture plc is an Irish-domiciled multinational company that provides consulting and processing services. It has been incorporated in Dublin, Ireland since 2009.",1467373,NYSE,USD,USA,TRADE & SERVICES,"SERVICES-BUSINESS SERVICES, NEC","1 GRAND CANAL SQUARE, GRAND CANAL HARBOUR, DUBLIN, IE",August,44620,1.93089E+11,9511400000,30.7,2.241,32.46,3.79,0.0129,9.92,89.46,0.113,0.151,0.127,0.324,56694923000,16364128000,9.92,0.139,0.245,380.96,30.7,27.78,3.406,9.25,3.322,17.89,1.235,415.05,273.76,321.48,342.18,633401000,44694,44664,
ADBE,Common Stock,Adobe Inc,"Adobe Inc. is an American multinational computer software company. Incorporated in Delaware and headquartered in San Jose, California, it has historically specialized in software for the creation and publication of a wide range of content, including graphics, photography, illustration, animation, multimedia, motion pictures and print. The company has expanded into digital marketing management software. Adobe has millions of users worldwide. Flagship products include: Photoshop image editing software, Adobe Illustrator vector-based illustration software, Adobe Acrobat Reader and the Portable Document Format (PDF), plus a host of tools primarily for audio-visual content creation, editing and publishing.",796343,NASDAQ,USD,USA,TECHNOLOGY,SERVICES-PREPACKAGED SOFTWARE,"345 PARK AVE, SAN JOSE, CA, US",November,44620,1.92445E+11,6521000000,40.45,1.711,29.18,0,0,10.07,33.93,0.299,0.367,0.145,0.353,16142000000,13920000000,10.07,0.019,0.091,563.7,40.45,28.82,11.92,13.58,11.59,27.79,1.048,699.54,394.04,438.53,562.4,472500000,None,38435,
AFG,Common Stock,American Financial Group Inc,"American Financial Group, Inc., an insurance holding company, offers property and casualty insurance products in the United States. The company is headquartered in Cincinnati, Ohio.",1042046,NYSE,USD,USA,FINANCE,"FIRE, MARINE & CASUALTY INSURANCE","GREAT AMERICAN INSURANCE GROUP TOWER, 301 E. 4TH STREET, CINCINNATI, OH, US",December,44561,11798663000,1623000000,5.95,2.78,59.02,2.06,0.0162,23.3,75.12,0.312,0.225,0.0175,0.183,6393000000,1689000000,23.3,-0.475,0.04,166.33,5.95,19.08,1.846,2.351,1.864,-,0.934,152.29,98.09,141.8,136.46,85091000,44676,44664,
AMAT,Common Stock,Applied Materials Inc,"Applied Materials, Inc. is an American corporation that supplies equipment, services and software for the manufacture of semiconductor (integrated circuit) chips for electronics, flat panel displays for computers, smartphones and televisions, and solar products. The company also supplies equipment to produce coatings for flexible electronics, packaging and other applications. The company is headquartered in Santa Clara, California, in Silicon Valley.",6951,NASDAQ,USD,USA,MANUFACTURING,SEMICONDUCTORS & RELATED DEVICES,"3050 BOWERS AVE, SANTA CLARA, CA, US",October,44592,99797131000,8164000000,15.74,1.659,13.46,0.96,0.0089,7.18,26.75,0.271,0.321,0.199,0.561,24171999000,10926000000,7.18,0.639,0.215,164.96,15.74,13.61,4.129,8.2,4.034,12.05,1.403,166.76,107.9,125,137.3,883395000,44728,44706,
AMD,Common Stock,Advanced Micro Devices Inc,"Advanced Micro Devices, Inc. (AMD) is an American multinational semiconductor company based in Santa Clara, California, that develops computer processors and related technologies for business and consumer markets. AMD's main products include microprocessors, motherboard chipsets, embedded processors and graphics processors for servers, workstations, personal computers and embedded system applications.",2488,NASDAQ,USD,USA,MANUFACTURING,SEMICONDUCTORS & RELATED DEVICES,"2485 AUGUSTINE DRIVE, SANTA CLARA, CA, US",December,44561,1.39172E+11,4055000000,33.28,1.09,6.21,0,0,2.57,13.55,0.192,0.222,0.213,0.474,16434000000,7929000000,2.57,-0.454,0.488,145.88,33.28,21.1,8.47,18.56,8.29,32.7,1.805,164.46,72.5,106.41,117.76,1627360000,None,34816,
AMP,Common Stock,Ameriprise Financial Inc,"Ameriprise Financial, Inc. is a diversified financial services company and bank holding company incorporated in Delaware and headquartered in Minneapolis, Minnesota. It provides financial planning products and services, including wealth management, asset management, insurance, annuities, and estate planning.",820027,NYSE,USD,USA,FINANCE,INVESTMENT ADVICE,"1099 AMERIPRISE FINANCIAL CENTER, MINNEAPOLIS, MN, US",December,44651,29230449000,4283000000,11.54,1.26,51.28,4.43,0.0183,23,114.6,0.205,0.311,0.0153,0.478,13443000000,7588000000,23,3.175,0.18,343.3,11.54,10.59,2.174,5.83,1.97,-,1.508,331.19,233.63,290.53,288.41,110100000,44701,44687,
AMT,Common Stock,American Tower Corporation (REIT),"American Tower Corporation (also referred to as American Tower or ATC) is an American real estate investment trust and an owner and operator of wireless and broadcast communications infrastructure in several countries worldwide and is headquartered in Boston, Massachusetts.",1053507,NYSE,USD,USA,REAL ESTATE & CONSTRUCTION,REAL ESTATE INVESTMENT TRUSTS,"116 HUNTINGTON AVE, BOSTON, MA, US",December,44651,1.08116E+11,5888400000,41.86,3.274,11.15,5.21,0.0232,5.66,20.72,0.274,0.38,0.038,0.371,9356900000,6674900000,5.66,0.201,0.152,291.78,41.86,52.36,11.55,20.51,16.26,25.02,0.478,299.22,218.83,245.35,266.32,456283000,44680,44663,
ANET,Common Stock,Arista Networks Inc,"Arista Networks (formerly Arastra) is an American computer networking company headquartered in Santa Clara, California. The company designs and sells multilayer network switches to deliver software-defined networking (SDN) solutions for large datacenter, cloud computing, high-performance computing, and high-frequency trading environments.",1596532,NYSE,USD,USA,TECHNOLOGY,COMPUTER COMMUNICATIONS EQUIPMENT,"5453 GREAT AMERICA PARKWAY, SANTA CLARA, CA, US",December,44561,35514663000,975073000,43.94,1.701,12.93,0,0,2.63,9.62,0.285,0.314,0.11,0.23,2948037000,1880779000,2.63,0.284,0.271,151.18,43.94,32.05,12.05,8.95,10.95,33.09,1.223,148.57,77.3,126.49,114.76,307300000,None,None,
CSR,Common Stock,Centerspace,"IRET is a real estate company focused on the ownership, management, acquisition, remodeling and development of apartment communities. ",798359,NYSE,USD,USA,REAL ESTATE & CONSTRUCTION,REAL ESTATE INVESTMENT TRUSTS,"1400 31ST AVENUE SW, SUITE 60, PO BOX 1988, MINOT, ND, US",December,44651,1477780000,97836000,None,None,45.19,2.84,0.0316,-0.47,14.61,0.003,0.0234,0.0017,-0.0025,201705000,112296000,-0.47,-0.455,0.273,111.44,-,-,7.33,2.088,11.7,19.27,0.995,111.02,65.84,98.02,99.06,15355500,44662,44650,
DAR,Common Stock,Darling Ingredients Inc,"Darling Ingredients Inc. develops, produces and sells natural ingredients from edible and non-edible bio-nutrients. The company is headquartered in Irving, Texas.",916540,NYSE,USD,USA,MANUFACTURING,FATS & OILS,"5601 N MACARTHUR BLVD, IRVING, TX, US",December,44561,11857990000,850454000,18.82,14.47,20.41,0,0,3.9,29.19,0.137,0.113,0.0568,0.209,4741369000,1241984000,3.9,2.468,0.285,96.86,18.82,14.12,2.501,3.614,2.829,11.18,1.106,87.44,58.7,76.02,72.23,161575000,None,None,
DE,Common Stock,Deere & Company,"John Deere is the brand name of Deere & Company, an American corporation that manufactures agricultural, construction, and forestry machinery, diesel engines, drivetrains (axles, transmissions, gearboxes) used in heavy equipment, and lawn care equipment.",315189,NYSE,USD,USA,TECHNOLOGY,FARM MACHINERY & EQUIPMENT,"ONE JOHN DEERE PLACE, MOLINE, IL, US",October,44592,1.16955E+11,8246000000,21.1,1.56,58.03,3.9,0.0111,18.07,143.23,0.127,0.166,0.0593,0.354,44413002000,12188000000,18.07,-0.245,0.05,438.45,21.1,16.64,2.633,6.51,3.586,17.32,1.011,446.76,318.34,398.62,369.36,306784000,44690,44650,
DHR,Common Stock,Danaher Corporation,"Danaher Corporation is an American globally diversified conglomerate with its headquarters in Washington, D.C.. The company designs, manufactures, and markets professional, medical, industrial, and commercial products and services. The company's 3 platforms are Life Sciences, Diagnostics, and Environmental & Applied Solutions.",313616,NYSE,USD,USA,LIFE SCIENCES,"INDUSTRIAL INSTRUMENTS FOR MEASUREMENT, DISPLAY, AND CONTROL","2200 PENNSYLVANIA AVE. N.W., SUITE 800W, WASHINGTON, DC, US",December,44651,1.82591E+11,10336000000,29.15,3.909,58.6,0.84,0.004,8.61,41.22,0.218,0.277,0.0641,0.149,29453001000,18056000000,8.61,0.444,0.205,329.74,29.15,24.1,6.2,4.238,6.73,20.23,0.78,333.22,237.61,276.8,299.05,727077000,44680,44644,
DOV,Common Stock,Dover Corporation,"Dover Corporation is an American conglomerate manufacturer of industrial products. Founded in 1955 in New York City, Dover is now based in Downers Grove, Illinois.",29905,NYSE,USD,USA,TECHNOLOGY,"CONSTRUCTION, MINING & MATERIALS HANDLING MACHINERY & EQUIP","3005 HIGHLAND PARKWAY, SUITE 200, DOWNERS GROVE, IL, US",December,44651,19216929000,1601027000,17.22,1.193,29.09,1.99,0.015,7.74,54.94,0.142,0.166,0.0838,0.297,7907081000,2982681000,7.74,0.995,0.117,176.27,17.22,15.55,2.43,4.438,2.722,12.31,1.382,183.45,131.03,152.57,165.28,144163000,44635,44617,
EBAY,Common Stock,eBay Inc,"eBay Inc. is an American multinational e-commerce corporation based in San Jose, California, that facilitates consumer-to-consumer and business-to-consumer sales through its website.",1065088,NASDAQ,USD,USA,TRADE & SERVICES,"SERVICES-BUSINESS SERVICES, NEC","2025 HAMILTON AVENUE, SAN JOSE, CA, US",December,44561,30151252000,3460000000,2.59,4.248,16.46,0.72,0.0164,20.52,15.98,1.306,0.284,0.0805,0.0378,10420000000,7770000000,20.52,1.698,0.054,66.42,2.59,12.92,2.894,3.012,3.028,26.99,1.154,80.65,49.33,54.91,65.75,567286000,44638,44629,
ETN,Common Stock,Eaton Corporation plc,"Eaton Corporation plc is an American Irish-domiciled multinational power management company with 2020 sales of 17.86 billion USD, founded in the United States with corporate headquarters in Dublin, Ireland, and operational headquarters in Beachwood, Ohio.",1551182,NYSE,USD,USA,TECHNOLOGY,MISC INDUSTRIAL & COMMERCIAL MACHINERY & EQUIPMENT,"30 PEMBROKE ROAD, EATON HOUSE, DUBLIN, IE",December,44561,58537001000,3442000000,27.43,2.165,41.16,3.04,0.0223,5.34,49.23,0.109,0.128,0.0478,0.137,19627999000,6335000000,5.34,0.159,0.024,175.3,27.43,19.34,2.982,3.53,3.377,16.73,1.198,174.77,137.13,149.23,159.61,399570000,44708,44693,
EXPO,Common Stock,Exponent Inc,"Exponent, Inc., is a global science and engineering consulting company. The company is headquartered in Menlo Park, California.",851520,NASDAQ,USD,USA,TRADE & SERVICES,SERVICES-MANAGEMENT CONSULTING SERVICES,"EXPONENT INC, 149 COMMONWEALTH DRIVE, MENLO PARK, CA, US",January,44681,4857757000,115414000,49.34,3.14,8,0.8,0.01,1.9,8.27,0.233,0.251,0.108,0.26,434850000,156803000,1.9,-0.073,0.072,127.5,49.34,51.02,11.17,11.9,10.04,40.57,0.524,127.07,83.28,101,108.16,51822000,44736,44630,
FB,Common Stock,Meta Platforms Inc.,"Facebook, Inc., is an American multinational technology conglomerate based in Menlo Park, California. It is one of the world's most valuable companies. It is considered one of the Big Five companies in U.S. information technology, with Google, Apple, Microsoft and Amazon. Facebook offers other products and services beyond its social networking platform, including Facebook Messenger, Facebook Watch, and Facebook Portal. It also has acquired Instagram, WhatsApp, Oculus, Giphy and Mapillary, and has a 9.9% stake in Jio Platforms.",1326801,NASDAQ,USD,USA,TECHNOLOGY,"SERVICES-COMPUTER PROGRAMMING, DATA PROCESSING, ETC.","1601 WILLOW ROAD, MENLO PARK, CA, US",December,44651,5.42536E+11,54720000000,14.56,1.175,44.3,0,0,13.77,41.89,0.334,0.397,0.18,0.311,1.17929E+11,95280000000,13.77,-0.052,0.199,303.87,14.56,16.08,4.601,4.416,4.298,9.88,1.394,384.33,169,207.5,302.26,2301670000,None,None,
FIVE,Common Stock,Five Below Inc,"Five Below, Inc. is a specialty value retailer in the United States. The company is headquartered in Philadelphia, Pennsylvania.",1177609,NASDAQ,USD,USA,TRADE & SERVICES,RETAIL-VARIETY STORES,"1818 MARKET STREET, SUITE 1900, PHILADELPHIA, PA, US",January,44592,9057411000,442936000,34.86,0.901,18.44,0,0,4.662,48.56,0.0969,0.134,0.0905,0.294,2710536000,652330000,4.662,0.194,0.275,219.5,34.86,28.25,3.342,7.81,3.409,20.9,1.389,237.86,143.44,164.3,185.74,55724000,None,None,
FLEX,Common Stock,Flex Ltd,"Flex Ltd. provides design, engineering, manufacturing and supply chain services and solutions to OEMs in Asia, the Americas and Europe. The company is headquartered in Singapore.",866374,NASDAQ,USD,USA,MANUFACTURING,PRINTED CIRCUIT BOARDS,"2 CHANGI SOUTH LANE, SINGAPORE, SG",March,44561,7652778000,1539800000,8.06,0.97,7.83,0,0,2.047,52.51,0.0396,0.0444,0.0417,0.287,25456001000,1775000000,2.047,0.171,-0.015,23.71,8.06,8.59,0.301,2.094,0.396,6.32,1.529,19.5,14.88,16.82,17.55,464086000,None,None,
LIN,Common Stock,Linde plc,"Linde plc is a multinational chemical company. It is the largest industrial gas company by market share and revenue. It serves customers in the healthcare, petroleum refining, manufacturing, food, beverage carbonation, fiber-optics, steel making, aerospace, chemicals, electronics and water treatment industries. The company's primary business is the manufacturing and distribution of atmospheric gases, including oxygen, nitrogen, argon, rare gases, and process gases, including carbon dioxide, helium, hydrogen, electronic gases, specialty gases, and acetylene.",1707925,NYSE,USD,USA,LIFE SCIENCES,INDUSTRIAL INORGANIC CHEMICALS,"THE PRIESTLEY CENTRE, 10 PRIESTLEY RD, GUILDFORD, GB",December,44651,1.59071E+11,10136001000,42.74,2.995,86.57,4.24,0.0149,7.33,59.57,0.124,0.179,0.0405,0.0833,30793001000,13250000000,7.33,0.366,0.141,370.53,42.74,26.32,5.17,3.597,5.38,16.86,0.902,350.77,266.44,306.35,314.02,507745000,44729,44714,
LLY,Common Stock,Eli Lilly and Company,"Eli Lilly and Company is an American pharmaceutical company headquartered in Indianapolis, Indiana, with offices in 18 countries. Its products are sold in approximately 125 countries.",59478,NYSE,USD,USA,LIFE SCIENCES,PHARMACEUTICAL PREPARATIONS,"LILLY CORPORATE CTR, DROP CODE 1112, INDIANAPOLIS, IN, US",December,44651,2.75762E+11,9725100000,47.31,1.847,9.94,3.4,0.0134,6.12,31.22,0.197,0.289,0.107,0.745,28318401000,21345300000,6.12,-0.183,0.075,304.28,47.31,34.01,9.74,30.98,9.93,38.82,0.43,314,185.37,280.05,258.05,952347000,44630,44606,
LRCX,Common Stock,Lam Research Corporation,"Lam Research Corporation is an American corporation that engages in the design, manufacture, marketing, and service of semiconductor processing equipment used in the fabrication of integrated circuits. Its products are used primarily in front-end wafer processing, which involves the steps that create the active components of semiconductor devices (transistors, capacitors) and their wiring (interconnects). The company also builds equipment for back-end wafer-level packaging (WLP), and for related manufacturing markets such as for microelectromechanical systems (MEMS). The company is headquartered in Fremont, California, in the Silicon Valley.",707549,NASDAQ,USD,USA,TECHNOLOGY,"SPECIAL INDUSTRY MACHINERY, NEC","4650 CUSHING BLVD, FREMONT, CA, US",June,44651,66488877000,5541036000,14.94,0.961,46.16,5.6,0.0129,32.08,116.42,0.278,0.316,0.204,0.766,16523902000,6805306000,32.08,0.416,0.223,655.96,14.94,12.45,4.024,10.72,3.899,11.54,1.247,729.51,449.5,512.02,592.35,138715000,44657,44635,
MA,Common Stock,Mastercard Incorporated,"Mastercard Incorporated is an American multinational financial services corporation headquartered in the Mastercard International Global Headquarters in Purchase, New York. The Global Operations Headquarters is located in O'Fallon, Missouri, a municipality of St. Charles County, Missouri. Throughout the world, its principal business is to process payments between the banks of merchants and the card-issuing banks or credit unions of the purchasers who use the Mastercard brand debit, credit and prepaid cards to make purchases. Mastercard Worldwide has been a publicly traded company since 2006.",1141391,NYSE,USD,USA,TRADE & SERVICES,"SERVICES-BUSINESS SERVICES, NEC","2000 PURCHASE STREET, PURCHASE, NY, US",December,44651,3.66968E+11,10994000000,40.99,1.673,7.46,1.81,0.0054,8.76,19.11,0.46,0.544,0.18,1.247,18884000000,18884000000,8.76,0.355,0.266,433.94,40.99,35.46,19.43,48.34,18.07,29.76,1.077,399.37,305.18,351.22,355.23,969729000,44690,44658,
MAT,Common Stock,Mattel Inc,"Mattel, Inc., a children's entertainment company, designs and produces toys and consumer products worldwide. The company is headquartered in El Segundo, California.",63276,NASDAQ,USD,USA,MANUFACTURING,DOLLS & STUFFED TOYS,"333 CONTINENTAL BLVD, EL SEGUNDO, CA, US",December,44651,8709336000,932704000,9.77,1.262,4.473,0,0,2.53,15.59,0.166,0.137,0.0784,0.829,5457741000,2629547000,2.53,0.724,0.104,32.25,9.77,16.64,1.596,5.3,1.938,14.27,1.445,26.2,17.95,23.35,21.71,352462000,42993,42968,
MATX,Common Stock,Matson Inc,"Matson, Inc. provides logistics and shipping services. The company is headquartered in Honolulu, Hawaii.",3453,NYSE,USD,USA,ENERGY & TRANSPORTATION,WATER TRANSPORTATION,"1411 SAND ISLAND PARKWAY, HONOLULU, HI, US",December,44561,3610030000,1274500000,4.116,3.31,40.67,1.06,0.014,21.47,91.71,0.236,0.29,0.216,0.706,3925300000,1367700000,21.47,3.804,0.81,118,4.116,17.61,0.92,2.107,1.093,2.994,0.871,125.34,59,103.02,87.96,40851300,44714,44692,
STLA,Common Stock,Stellantis N.V,"Stellantis NV is dedicated to the design, engineering, manufacture, distribution and sale of passenger cars, trucks, SUVs and light commercial vehicles worldwide. The company is headquartered in Lijnden, the Netherlands.",1605484,NYSE,USD,USA,MANUFACTURING,MOTOR VEHICLES & PASSENGER CAR BODIES,"25 ST. JAMES? STREET, LONDON, GB",December,44561,41979654000,19608001000,2.822,1.766,17.85,0,0.0844,4.748,48.84,0.095,0.106,0.0802,0.33,1.49419E+11,29476000000,4.748,2.482,1.739,25.52,2.822,3.041,0.281,0.71,0.155,1.116,1.678,20.36,12.74,15.68,18.64,3132810000,44680,44670,
STLD,Common Stock,Steel Dynamics Inc,"Steel Dynamics, Inc., is a steel producer and metal recycler in the United States. ",1022671,NASDAQ,USD,USA,MANUFACTURING,"STEEL WORKS, BLAST FURNACES & ROLLING MILLS (COKE OVENS)","7575 W JEFFERSON BLVD, FORT WAYNE, IN, US",December,44651,16251169000,4648758000,5.51,10.91,32.33,1.04,0.0159,15.56,89.75,0.175,0.234,0.247,0.609,18408849000,5362424000,15.56,5.24,1.042,98.75,5.51,4.702,0.883,2.333,0.888,3.295,1.417,100.37,50.34,80.27,67.05,189518000,44666,44650,
STM,Common Stock,STMicroelectronics N.V.,"STMicroelectronics NV designs, develops, manufactures and markets semiconductor products in Europe, the Middle East, Africa, the Americas and Asia Pacific. The company is headquartered in Geneva, Switzerland.",932787,NYSE,USD,USA,MANUFACTURING,SEMICONDUCTORS & RELATED DEVICES,"39 CHEMIN DU CHAMP DES FILLES, 1228 PLAN-LES-OUATES, GENEVA, CH",December,44651,33956954000,3433000000,16.95,1.219,10.16,0,0.0066,2.16,14.11,0.157,0.187,0.0995,0.226,12761000000,5320000000,2.16,0.299,0.099,57.5,16.95,11.36,2.661,3.39,2.489,8.56,1.266,52.01,33.97,40.27,44.27,903976000,44649,44729,
SUI,Common Stock,Sun Communities Inc,None,912593,NYSE,USD,USA,REAL ESTATE & CONSTRUCTION,REAL ESTATE INVESTMENT TRUSTS,"27777 FRANKLIN ROAD, SUITE 200, SOUTHFIELD, MI, US",December,44651,21140163000,968017000,50.75,29.63,57.11,3.32,0.02,3.355,19.95,0.169,0.206,0.0235,0.067,2246470000,1137199000,3.355,0.525,0.406,215.9,50.75,76.34,9.41,3.264,11.59,24.76,0.68,210.76,157.23,180.28,191.79,121613000,44666,44650,
TEL,Common Stock,TE Connectivity Ltd,"TE Connectivity is an American Swiss-domiciled technology company that designs and manufactures connectors and sensors for several industries, such as automotive, industrial equipment, data communication systems, aerospace, defense, medical, oil and gas, consumer electronics and energy.",1385157,NYSE,USD,USA,TRADE & SERVICES,"WHOLESALE-ELECTRONIC PARTS & EQUIPMENT, NEC","RHEINSTRASSE 20, CH-8200 SCHAFFHAUSEN, CH",September,44651,40604176000,3572000000,17.09,1.891,33.78,1.98,0.018,7.36,46.26,0.161,0.183,0.0837,0.232,15219000000,4887000000,7.36,0.496,0.084,156.71,17.09,17.86,2.668,3.858,2.814,12.3,1.323,165.81,120.22,130.18,145.6,322819000,44988,44700,
THRM,Common Stock,Gentherm Incorporated,"Gentherm Incorporated designs, develops, manufactures and markets thermal management technologies. The company is headquartered in Northville, Michigan.",903129,NASDAQ,USD,USA,MANUFACTURING,MOTOR VEHICLE PARTS & ACCESSORIES,"21680 HAGGERTY ROAD, NORTHVILLE, MI, US",December,44561,2280407000,157425000,24.67,0.71,19.81,0,0,2.79,31.62,0.0893,0.114,0.0759,0.151,1046150000,303631000,2.79,-0.414,-0.141,91.75,24.67,22.08,2.18,3.416,2.014,13.56,1.244,99,61.15,72.69,81.54,33131000,None,None,
TMO,Common Stock,Thermo Fisher Scientific Inc,"Thermo Fisher Scientific is an American provisioner of scientific instrumentation, reagents and consumables, and software and services to healthcare, life science, and other laboratories in academia, government, and industry (including in the biotechnology and pharmaceutical sectors). Based in Waltham, Massachusetts, Thermo Fisher was created in 2006 by the merger of Thermo Electron and Fisher Scientific, to form a company with US$ 9 billion in combined revenues.",97745,NYSE,USD,USA,LIFE SCIENCES,"MEASURING & CONTROLLING DEVICES, NEC","168 THIRD AVENUE, WALTHAM, MA, US",December,44561,2.16434E+11,12820000000,28.41,6.79,103.42,1.04,0.0022,19.46,99.52,0.197,0.261,0.0779,0.205,39211000000,19638000000,19.46,-0.333,0.014,677.29,28.41,24.57,5.52,5.31,6.29,20.62,0.826,671.96,437.85,563.15,584.99,391439000,44665,44635,
TSCO,Common Stock,Tractor Supply Company,"Tractor Supply Company (TSCO) is an American retail chain of stores that offers products for home improvement, agriculture, lawn and garden maintenance, livestock, equine and pet care.",916365,NASDAQ,USD,USA,TRADE & SERVICES,"RETAIL-BUILDING MATERIALS, HARDWARE, GARDEN SUPPLY","5401 VIRGINIA WAY, BRENTWOOD, TN, US",December,44651,23137964000,1640156000,23.96,2.242,17.7,2.08,0.0183,8.61,110.9,0.0783,0.108,0.116,0.508,12731105000,4477153000,8.61,0.674,0.153,244.88,23.96,21.41,1.817,12.62,2.014,16.23,0.983,241.54,169.25,221.06,213.42,112146000,44628,44609,
ALTR,Common Stock,Altair Engineering Inc,"Altair Engineering Inc. provides software and cloud solutions in the areas of simulation, high-performance computing, data analysis, and artificial intelligence globally. The company is headquartered in Troy, Michigan.",1701732,NASDAQ,USD,USA,TECHNOLOGY,SERVICES-PREPACKAGED SOFTWARE,"1820 E. BIG BEAVER ROAD, TROY, MI, US",December,44561,4428618000,43036000,None,0,7.74,0,0,-0.12,6.99,-0.0165,0.0327,0.0109,-0.0177,532179000,403538000,-0.12,1.25,0.055,84.17,-,70.42,8.32,7.05,7.78,110.69,1.516,82.96,53.44,61.31,68.75,51907000,None,None,
APAM,Common Stock,Artisan Partners Asset Management Inc,"Artisan Partners Asset Management Inc. is a publicly owned investment manager. The company is headquartered in Milwaukee, Wisconsin with additional offices in Atlanta, Georgia; New York City; San Francisco, California; Leawood, Kansas; and London, United Kingdom.",1517302,NYSE,USD,USA,FINANCE,INVESTMENT ADVICE,"875 E. WISCONSIN AVENUE, SUITE 800, MILWAUKEE, WI, US",December,44651,2261226000,547424000,6.59,1.38,4.141,3.98,0.12,5.09,20.5,0.274,0.44,0.286,1.285,1227236000,664700000,5.09,0.07,0.207,36.83,6.59,7.69,1.843,10.16,2.204,4.996,1.803,51.73,32.07,37.36,45.2,67399000,5/31/2022,5/16/2022,
ARE,Common Stock,Alexandria Real Estate Equities Inc,"Alexandria Real Estate Equities, Inc. is an American real estate investment trust that invests in office buildings and laboratories leased to tenants in the life science and technology industries.",1035443,NYSE,USD,USA,REAL ESTATE & CONSTRUCTION,REAL ESTATE INVESTMENT TRUSTS,"26 NORTH EUCLID AVENUE, PASADENA, CA, US",December,44651,29731791000,1296609000,47.69,844.2,102.44,4.48,0.0245,3.82,14.47,0.269,0.249,0.0125,0.0403,2126405000,1502850000,3.82,-0.856,0.262,232.1,47.69,51.55,13.98,1.756,17.63,25.97,0.833,223.67,167.63,194.17,200.78,163218000,4/15/2022,3/30/2022,
ASGN,Common Stock,ASGN Incorporated,"ASGN Incorporated provides professional staff and IT solutions in the fields of technology, digital, creative, engineering and life sciences in the commercial and government sectors in the United States and internationally. The company is headquartered in Glen Allen, Virginia.",890564,NYSE,USD,USA,TRADE & SERVICES,SERVICES-HELP SUPPLY SERVICES,"4400 COX ROAD, SUITE 110, GLEN ALLEN, VA, US",December,44651,5812923000,440500000,14.78,2.02,36.01,0,0,7.66,76.08,0.102,0.0875,0.0647,0.134,4009500000,1142400000,7.66,0.558,0.17,130.17,14.78,18.02,1.45,3.122,1.594,14.51,2.008,131.89,91.61,112.5,114.79,51337000,None,None,
ASIX,Common Stock,AdvanSix Inc,"AdvanSix Inc. manufactures and sells polymer resins in the United States and internationally. The company is headquartered in Parsippany, New Jersey.",1673985,NYSE,USD,USA,LIFE SCIENCES,"PLASTIC MATERIALS, SYNTH RESINS & NONVULCAN ELASTOMERS","300 KIMBALL DRIVE, SUITE 101, PARSIPPANY, NJ, US",December,44561,1277048000,256477000,9.43,0,21.36,0.25,0.0055,4.81,59.84,0.083,0.114,0.0928,0.268,1684625000,274122000,4.81,-0.157,0.246,66,9.43,-,0.758,2.085,0.896,5.91,1.797,57.1,27.06,47.45,43.09,28141200,3/15/2022,2/28/2022,
CDNS,Common Stock,Cadence Design Systems Inc,"Cadence Design Systems, Inc., headquartered in San Jose, California, is an American multinational computational software company. The company produces software, hardware and silicon structures for designing integrated circuits, systems on chips (SoCs) and printed circuit boards.",813672,NASDAQ,USD,USA,TECHNOLOGY,SERVICES-PREPACKAGED SOFTWARE,"2655 SEELY AVENUE BLDG 5, SAN JOSE, CA, US",December,44651,41498976000,920349000,60.2,2.571,9.9,0,0,2.5,10.93,0.233,0.26,0.117,0.266,2988244000,2681238000,2.5,0.033,0.017,187.22,60.2,39.37,13.89,15.07,12.94,39.81,1.128,192.7,118.11,153.81,160.87,275759000,None,None,
CMG,Common Stock,Chipotle Mexican Grill Inc,"Chipotle Mexican Grill, Inc., often known simply as Chipotle, is an American chain of fast casual restaurants in the United States, United Kingdom, Canada, Germany, and France, specializing in tacos and Mission burritos that are made to order in front of the customer.",1058090,NYSE,USD,USA,TRADE & SERVICES,RETAIL-EATING PLACES,"1401 WYNKOOP, SUITE 500, DENVER, CO, US",December,44651,40889102000,1084304000,63.81,1.487,81.81,0,0,22.9,268.27,0.0865,0.11,0.0821,0.302,7547061000,2904063000,22.9,-0.3,0.22,1905.96,63.81,45.25,5.42,19.09,5.55,38.76,1.308,1958.55,1277.41,1519.08,1687.09,27984000,None,None,
CNHI,Common Stock,CNH Industrial N.V.,"CNH Industrial NV designs, produces, markets, sells, and finances agricultural and construction equipment, trucks, commercial vehicles, buses, and specialty vehicles in North America, Europe, South America, and internationally. The company is headquartered in London, the United Kingdom.",1567094,NYSE,USD,USA,TECHNOLOGY,CONSTRUCTION MACHINERY & EQUIP,"25 ST. JAMES'S STREET, LONDON,, GB",December,44561,19242775000,3368000000,11.17,0.597,4.998,0.318,0.0214,1.27,24.69,0.0515,0.0747,0.0318,0.296,33428001000,6121000000,1.27,0.833,0.067,16.54,11.17,10.67,0.576,2.839,1.119,10.04,1.775,18.94,12.7,15.17,16.43,1356080000,5/4/2022,4/19/2022,
COST,Common Stock,Costco Wholesale Corporation,"Costco Wholesale Corporation (doing business as Costco Wholesale and also known simply as Costco) is an American multinational corporation which operates a chain of membership-only (needing a membership to shop there) big-box retail stores. As of 2020, Costco was the fifth largest retailer in the world, and the world's largest retailer of choice and prime beef, organic foods, rotisserie chicken, and wine as of 2016.",909832,NASDAQ,USD,USA,TRADE & SERVICES,RETAIL-VARIETY STORES,"999 LAKE DRIVE, ISSAQUAH, WA, US",August,44620,2.34443E+11,9905000000,42.62,4.206,43.8,3.16,0.0068,12.41,474.19,0.0262,0.0384,0.0856,0.31,2.10219E+11,25245000000,12.41,0.364,0.159,593.36,42.62,40.98,1.115,12.14,1.107,24.66,0.669,611.28,368.66,554.12,505.48,443224000,5/13/2022,4/28/2022,
CR,Common Stock,Crane Co,"Crane Co. manufactures and sells industrial engineering products in the United States, Canada, the United Kingdom, continental Europe, and internationally. The company is headquartered in Stamford, Connecticut.",25445,NYSE,USD,USA,MANUFACTURING,MISCELLANEOUS FABRICATED METAL PRODUCTS,"CRANE CO., 100 FIRST STAMFORD PLACE, STAMFORD, CT, US",December,44651,5405605000,582700000,13.09,1.181,31.68,1.72,0.0195,7.35,54.45,0.137,0.146,0.0636,0.234,3180000000,1241000000,7.35,0.522,0.127,124,13.09,12.97,1.7,3.131,1.921,9.64,1.648,114.87,83.57,104.21,100.56,56174000,6/8/2022,5/27/2022,
MT,Common Stock,ArcelorMittal,"ArcelorMittal owns and operates steelmaking and mining facilities in Europe, North and South America, Asia and Africa. The company is headquartered in Luxembourg City, Luxembourg.",1243429,NYSE,USD,USA,MANUFACTURING,"STEEL WORKS, BLAST FURNACES & ROLLING MILLS (COKE OVENS)","24-26, BOULEVARD D?AVRANCHES, L-1160 LUXEMBOURG, GRAND DUCHY OF LUXEMBOURG, LU",December,44561,25958834000,19050000000,2.167,0.66,53.91,0.38,0.013,13.49,69.3,0.195,0.218,0.121,0.34,76571001000,19139000000,13.49,2.892,0.467,49.78,2.167,3.802,0.339,0.523,0.394,1.431,2.06,37.87,26.59,31.31,31.9,879174000,6/10/2022,5/13/2022,
NKE,Common Stock,NIKE Inc,"Nike, Inc. is an American multinational corporation that is engaged in the design, development, manufacturing, and worldwide marketing and sales of footwear, apparel, equipment, accessories, and services. The company is headquartered near Beaverton, Oregon, in the Portland metropolitan area. It is the world's largest supplier of athletic shoes and apparel and a major manufacturer of sports equipment.",320187,NYSE,USD,USA,MANUFACTURING,RUBBER & PLASTICS FOOTWEAR,"ONE BOWERMAN DR, BEAVERTON, OR, US",May,44620,1.98421E+11,7975000000,33.27,2.008,9.4,1.16,0.0093,3.79,29.62,0.131,0.154,0.121,0.457,46820000000,20001000000,3.79,-0.033,0.05,166.87,33.27,27.32,4.238,13.25,4.174,24.79,0.958,178.78,116.75,130.57,153.25,1268760000,4/1/2022,3/4/2022,
NOG,Common Stock,Northern Oil & Gas Inc,"Northern Oil and Gas, Inc., an independent energy company, is engaged in the acquisition, exploration, exploitation, development and production of crude oil and natural gas properties in the United States. The company is headquartered in Minnetonka, Minnesota.",1104485,NYSE,USD,USA,ENERGY & TRANSPORTATION,CRUDE PETROLEUM & NATURAL GAS,"601 CARLSON PKWY, SUITE 990, MINNETONKA, MN, US",December,44561,1901179000,218787000,None,0.186,2.797,0.155,0.0295,-0.133,14.26,0.0071,0.0901,0.0423,0,898138000,727321000,-0.133,2.972,2.396,40.08,-,4.102,2.117,8.97,2.793,13.19,2.238,30.44,13.84,26.59,22.17,77252000,4/29/2022,6/28/2022,
NTAP,Common Stock,NetApp Inc,"NetApp, Inc. is an American hybrid cloud data services and data management company headquartered in Sunnyvale, California. Founded in 1992 with an IPO in 1995, NetApp offers cloud data services for management of applications and data both online and physically.",1002047,NASDAQ,USD,USA,TECHNOLOGY,COMPUTER STORAGE DEVICES,"1395 CROSSMAN AVENUE, SUNNYVALE, CA, US",April,44592,16467664000,1363000000,16.75,0.859,3.955,1.98,0.0273,4.418,27.8,0.163,0.194,0.0826,1.488,6193000000,3815000000,4.418,0.375,0.098,97.95,16.75,13.23,2.659,18.48,2.43,9.88,1.217,96.21,71.59,81.04,86.49,222536000,4/27/2022,4/7/2022,
NVDA,Common Stock,NVIDIA Corporation,"Nvidia Corporation is an American multinational technology company incorporated in Delaware and based in Santa Clara, California. It designs graphics processing units (GPUs) for the gaming and professional markets, as well as system on a chip units (SoCs) for the mobile computing and automotive market.",1045810,NASDAQ,USD,USA,MANUFACTURING,SEMICONDUCTORS & RELATED DEVICES,"2701 SAN TOMAS EXPRESSWAY, SANTA CLARA, CA, US",January,44592,4.86762E+11,11215000000,50.74,2.443,10.62,0.16,0.0009,3.85,10.78,0.362,0.373,0.172,0.448,26914001000,17475000000,3.85,1.034,0.528,329,50.74,33.22,18.09,17.45,19.72,46.75,1.423,346.37,134.5,234.41,244.21,2492000000,3/24/2022,3/2/2022,
OC,Common Stock,Owens Corning,"Owens Corning manufactures and markets a range of fiberglass, roofing and insulation composites in the United States, Canada, Europe, Asia Pacific and internationally. The company is headquartered in Toledo, Ohio.",1370946,NYSE,USD,USA,MANUFACTURING,"ABRASIVE, ASBESTOS & MISC NONMETALLIC MINERAL PRODS","ONE OWENS CORNING PARKWAY, TOLEDO, OH, US",December,44651,8827320000,1875000000,9.53,0.821,42.79,1.13,0.0154,9.54,82.11,0.117,0.163,0.0889,0.24,8498000000,2232000000,9.54,0.05,0.107,113.88,9.53,8.54,1.039,2.034,1.257,5.36,1.468,108.46,79.35,90.37,91.54,97078000,4/7/2022,3/3/2022,
YUM,Common Stock,Yum! Brands Inc,"Yum! Brands, Inc. is an American fast food corporation listed on the Fortune 1000. Yum! operates the brands KFC, Pizza Hut, Taco Bell, The Habit Burger Grill, and WingStreet worldwide, except in China, where the brands are operated by a separate company, Yum China.",1041061,NYSE,USD,USA,TRADE & SERVICES,RETAIL-EATING PLACES,"1441 GARDINER LANE, LOUISVILLE, KY, US",December,44561,33722282000,2301000000,22.46,2.188,-26.3,2.07,0.0195,5.21,22.17,0.239,0.325,0.226,0,6584000000,3166000000,5.21,0.016,0.084,140.23,22.46,23.81,5.12,-,6.77,18.71,1.097,139.2,110.78,119.81,125.9,288200000,3/11/2022,2/17/2022,
ZTS,Common Stock,Zoetis Inc,"Zoetis Inc. is an American drug company, the world's largest producer of medicine and vaccinations for pets and livestock.",1555280,NYSE,USD,USA,LIFE SCIENCES,PHARMACEUTICAL PREPARATIONS,"10 SYLVAN WAY, PARSIPPANY, NJ, US",December,44561,82313413000,3207000000,40.91,3.046,9.61,1,0.0073,4.27,16.39,0.262,0.361,0.128,0.489,7776000000,5481000000,4.27,0.159,0.089,248.82,40.91,34.36,10.59,18.39,11.16,27.47,0.758,248.44,164.26,188.97,204.65,471251000,6/1/2022,4/20/2022,
ASML,Common Stock,ASML Holding N.V.,"ASML Holding NV develops, produces, markets, sells and services advanced semiconductor equipment systems consisting of lithography, metrology and inspection related systems for memory and logic chip manufacturers. The company is headquartered in Veldhoven, the Netherlands.",937966,NASDAQ,USD,USA,TECHNOLOGY,"SPECIAL INDUSTRY MACHINERY, NEC","DE RUN 6501, DR VELDHOVEN, NL",December,44651,2.31701E+11,6993900000,37.3,2.448,25.19,5.5,0.0111,15.12,45.41,0.316,0.351,0.142,0.49,18610999000,9809000000,15.12,0.358,0.172,810.68,37.3,32.57,12.45,24.41,12.98,35.7,0.975,893.62,544,631.56,739.71,402602000,2021-11-12,2022-05-03,
AVY,Common Stock,Avery Dennison Corporation,"Avery Dennison Corporation is a multinational manufacturer and distributor of pressure-sensitive adhesive materials (such as self-adhesive labels), apparel branding labels and tags, RFID inlays, and specialty medical products. The company is headquartered in Glendale, California.",8818,NYSE,USD,USA,MANUFACTURING,CONVERTED PAPER & PAPERBOARD PRODS (NO CONTANERS/BOXES),"207 GOODE AVENUE, GLENDALE, CA, US",December,44651,14762187000,1261800000,20.3,4.172,23.3,2.66,0.0166,8.83,101.43,0.088,0.125,0.0932,0.434,8408300000,2312800000,8.83,-0.039,0.097,219.64,20.3,18.98,1.756,7.7,2.067,13.54,1.028,227.63,156.51,171.92,201.54,82355000,2022-06-15,2022-05-31,
BCO,Common Stock,The Brink's Company,"The Brink's Company provides secure transportation, cash management, and other security-related services in North America, Latin America, Europe, and internationally. The company is headquartered in Richmond, Virginia.",78890,NYSE,USD,USA,ENERGY & TRANSPORTATION,ARRANGEMENT OF TRANSPORTATION OF FREIGHT & CARGO,"1801 BAYBERRY COURT, P O BOX 18100, RICHMOND, VA, US",December,44561,2771096000,551500000,27.72,2.83,2.595,0.75,0.0136,2.102,84.85,0.0251,0.0744,0.0365,0.506,4200200000,964400000,2.102,1.011,0.075,97,27.72,17.27,0.66,22.8,1.281,9.16,1.489,80.26,57.12,65.75,68.34,47564300,2022-03-01,2022-02-04,
BLL,Common Stock,Ball Corporation,"Ball Corporation is an American company headquartered in Westminster, Colorado. It is best known for its early production of glass jars, lids, and related products used for home canning.",9389,NYSE,USD,USA,MANUFACTURING,METAL CANS,"10 LONGS PEAK DRIVE, BROOMFIELD, CO, US",December,44561,25902535000,2133000000,30.43,1.975,11.36,0.7,0.0099,2.65,42.37,0.0636,0.104,0.0472,0.25,13811000000,2726000000,2.65,0.327,0.184,101.88,30.43,20.62,1.875,7.19,2.437,17.02,0.499,97.77,77.45,88.56,90.61,321212000,2022-06-15,2022-05-31,
CBT,Common Stock,Cabot Corporation,None,16040,NYSE,USD,USA,LIFE SCIENCES,MISCELLANEOUS CHEMICAL PRODUCTS,"TWO SEAPORT LANE SUITE 1300, BOSTON, MA, US",September,44561,3726241000,621000000,38.46,1.83,14.03,1.42,0.0225,1.712,63.95,0.0278,0.128,0.0919,0.142,3631000000,806000000,1.712,0.514,0.298,79.6,38.46,11.56,1.026,4.693,1.339,11.49,1.439,74.49,47.05,69.46,58.95,56587000,2022-03-11,2022-02-24,
CC,Common Stock,The Chemours Company,"The Chemours Company offers high performance chemicals in North America, Asia Pacific, Europe, the Middle East, Africa and Latin America. The company is headquartered in Wilmington, Delaware.",1627223,NYSE,USD,USA,LIFE SCIENCES,CHEMICALS & ALLIED PRODUCTS,"1007 MARKET STREET, WILMINGTON, DE, US",December,44651,5273029000,1007000000,9.19,8.75,6.71,1,0.0302,3.6,38.47,0.0958,0.109,0.059,0.641,6345000000,1381000000,3.6,11.37,0.177,39.4,9.19,7.36,0.831,4.873,1.23,6.63,1.997,39.2,22.56,30.42,31.63,159306000,2022-06-15,2022-05-13,
CCK,Common Stock,Crown Holdings Inc,"Crown Holdings, Inc. designs, manufactures and sells products and packaging equipment for consumer goods and industrial products in the Americas, Europe and Asia Pacific. The company is headquartered in Yardley, Pennsylvania.",1219601,NYSE,USD,USA,MANUFACTURING,METAL CANS,"770 TOWNSHIP LINE ROAD, YARDLEY, PA, US",December,44651,13605595000,295000000,None,6.66,15.31,0.8,0.0079,-4.297,87.39,-0.0492,-0.0147,-0.0069,-0.145,11394000000,2365000000,-4.297,-0.507,0.241,142.53,-,13.89,1.194,7.43,1.749,78.1,1.089,130.42,94.72,121.62,110.92,123362000,2022-05-26,2022-03-09,
CRM,Common Stock,salesforce.com inc,"Salesforce.com, Inc. is an American cloud-based software company headquartered in San Francisco, California. It provides customer relationship management (CRM) service and also provides a complementary suite of enterprise applications focused on customer service, marketing automation, analytics, and application development.",1108524,NYSE,USD,USA,TECHNOLOGY,SERVICES-PREPACKAGED SOFTWARE,"THE LANDMARK, ONE MARKET STREET STE.300, SAN FRANCISCO, CA, US",January,44592,1.7649E+11,3064000000,119.98,1.88,58.78,0,0,1.48,27.74,0.0545,0.0227,0.0047,0.029,26492000000,19466000000,1.48,-0.591,0.259,290.76,119.98,37.59,6.66,3.008,6.73,46.36,1.092,311.75,167.55,199.29,244.39,990000000,None,None,
FN,Common Stock,Fabrinet,"Fabrinet offers optical packaging and precision electronic, electromechanical and optical manufacturing services in North America, Asia-Pacific and Europe. The company is headquartered in George Town, the Cayman Islands.",1408710,NYSE,USD,USA,MANUFACTURING,TELEPHONE & TELEGRAPH APPARATUS,"5/6 MOO 6,  SOI KHUNPRA, PHAHOLYOTHIN RD, KLONGNUENG, KLONGLUANG, PATUMTHANEE, TH",June,44651,3678073000,213335000,21.53,1.19,32.42,0,0,4.618,56.87,0.0826,0.0837,0.0676,0.155,2098839000,221363000,4.618,0.383,0.249,122.25,21.53,-,1.752,3.029,1.502,14.77,0.929,126.28,77.3,100.44,104.93,36995300,None,None,
FR,Common Stock,First Industrial Realty Trust Inc,"First Industrial Realty Trust, Inc. (NYSE: FR) is a leading fully integrated industrial real estate owner, operator, and developer with a history of providing industry-leading customer service to multinational corporations and regional clients. ",921825,NYSE,USD,USA,REAL ESTATE & CONSTRUCTION,REAL ESTATE INVESTMENT TRUSTS,"1 NORTH WACKER DRIVE, SUITE 4200, CHICAGO, IL, US",December,44651,7414496000,318323000,26.91,3.74,16.66,1.08,0.0203,2.087,3.671,0.569,0.377,0.0281,0.132,476129000,344829000,2.087,0.35,0.082,69.83,26.91,53.76,15.57,3.458,19.36,21.45,0.956,66.42,47.02,60.42,58.85,132001000,2022-04-18,2022-03-30,
FTNT,Common Stock,Fortinet Inc,"Fortinet (Nasdaq: FTNT) is an American multinational corporation headquartered in Sunnyvale, California. It develops and sells cybersecurity solutions, including but not limited to physical products such as firewalls, plus software and services such as anti-virus protection, intrusion prevention systems and endpoint security components.",1262039,NASDAQ,USD,USA,TECHNOLOGY,"COMPUTER PERIPHERAL EQUIPMENT, NEC","899 KIFER ROAD, SUNNYVALE, CA, US",December,44561,47752258000,730200000,79.62,3.353,4.825,0,0,3.63,20.48,0.182,0.193,0.081,0.733,3342200000,2559200000,3.63,0.348,0.288,362.45,79.62,58.48,14.29,59.46,13.44,61.72,1.144,371.77,195.96,319.26,314.27,160815000,None,None,
GIL,Common Stock,Gildan Activewear Inc,"Gildan Activewear Inc. manufactures and sells various apparel products in the United States, Canada, and internationally. The company is headquartered in Montreal, Canada.",1061894,NYSE,USD,USA,MANUFACTURING,APPAREL & OTHER FINISHD PRODS OF FABRICS & SIMILAR MATL,"600 BOULEVARD DE MAISONNEUVE OUEST, 33RD FLOOR, MONTREAL, QC, CA",December,44561,6461807000,634826000,11.07,2.443,9.98,0.462,0.02,3.07,14.83,0.208,0.177,0.105,0.349,2922570000,830209000,3.07,1.625,0.136,42.28,11.07,11.95,2.211,3.346,2.386,8.97,1.634,43.27,31.58,36.95,38.4,189590000,2022-04-11,2022-03-16,
GOOG,Common Stock,Alphabet Inc,"Alphabet Inc. is an American multinational conglomerate headquartered in Mountain View, California. It was created through a restructuring of Google on October 2, 2015, and became the parent company of Google and several former Google subsidiaries. The two co-founders of Google remained as controlling shareholders, board members, and employees at Alphabet. Alphabet is the world's fourth-largest technology company by revenue and one of the world's most valuable companies.",1652044,NASDAQ,USD,USA,TECHNOLOGY,"SERVICES-COMPUTER PROGRAMMING, DATA PROCESSING, ETC.","1600 AMPHITHEATRE PARKWAY, MOUNTAIN VIEW, CA, US",December,44651,1.539E+12,91144004000,20.88,0.808,380.04,0,0,112.2,385.89,0.295,0.305,0.145,0.321,2.57637E+11,1.46698E+11,112.2,0.377,0.324,3168.89,20.88,20.04,5.97,5.96,5.19,13.72,1.061,3042,2230.05,2636.84,2776.15,313376000,None,None,
GOOGL,Common Stock,Alphabet Inc,"Alphabet Inc. is an American multinational conglomerate headquartered in Mountain View, California. It was created through a restructuring of Google on October 2, 2015, and became the parent company of Google and several former Google subsidiaries. The two co-founders of Google remained as controlling shareholders, board members, and employees at Alphabet. Alphabet is the world's fourth-largest technology company by revenue and one of the world's most valuable companies.",1652044,NASDAQ,USD,USA,TECHNOLOGY,"SERVICES-COMPUTER PROGRAMMING, DATA PROCESSING, ETC.","1600 AMPHITHEATRE PARKWAY, MOUNTAIN VIEW, CA, US",December,44651,1.539E+12,91144004000,20.78,0.802,380.04,0,0,112.2,385.89,0.295,0.305,0.145,0.321,2.57637E+11,1.46698E+11,112.2,0.377,0.324,3296.76,20.78,19.88,5.97,5.92,5.19,13.72,1.061,3030.93,2193.62,2629.01,2763.81,300764000,None,None,
GS,Common Stock,The Goldman Sachs Group Inc,"The Goldman Sachs Group, Inc., is an American multinational investment bank and financial services company headquartered in New York City. It offers services in investment management, securities, asset management, prime brokerage, and securities underwriting. It also provides investment banking to institutional investors.",886982,NYSE,USD,USA,FINANCE,"SECURITY BROKERS, DEALERS & FLOTATION COMPANIES","200 WEST STREET, NEW YORK, NY, US",December,44651,1.0612E+11,None,5.22,1.253,311.68,6.5,0.0262,59.45,168.28,0.367,0.468,0.0165,0.208,58981999000,52699000000,59.45,-0.105,0.074,422.63,5.22,7.92,1.799,0.898,-,-,1.453,421.44,302.21,330.03,374.52,337925000,2022-06-29,2022-05-31,
HD,Common Stock,The Home Depot Inc,"The Home Depot, Inc., commonly known as Home Depot, is the largest home improvement retailer in the United States, supplying tools, construction products, and services. The company is headquartered in incorporated Cobb County, Georgia, with an Atlanta mailing address.",354950,NYSE,USD,USA,TRADE & SERVICES,RETAIL-LUMBER & OTHER BUILDING MATERIALS DEALERS,"2455 PACES FERRY ROAD, ATLANTA, GA, US",January,44592,3.17214E+11,26164001000,19.77,2.826,0.989,6.85,0.0253,15.53,143.41,0.109,0.154,0.204,0.205,1.51157E+11,50832000000,15.53,0.206,0.107,378.08,19.77,18.73,2.099,318.99,2.344,13.66,1.045,418.09,293.59,315.1,348.9,1033370000,2022-03-24,2022-03-09,
HOLX,Common Stock,Hologic Inc,"Hologic, Inc. is a medical technology company primarily focused on women's health; it sells medical devices for diagnostics, surgery, and medical imaging.",859737,NASDAQ,USD,USA,LIFE SCIENCES,X-RAY APPARATUS & TUBES & RELATED IRRADIATION APPARATUS,"250 CAMPUS DRIVE, MARLBOROUGH, MA, US",September,44651,18182369000,2653200000,10.97,0.933,17.94,0,0,6.65,21.48,0.312,0.406,0.166,0.441,5493600000,4074800000,6.65,-0.22,-0.086,79.3,10.97,13.59,3.31,3.746,3.478,7.59,1.122,81.04,60.1,73.89,73.96,249381000,None,None,
HPE,Common Stock,Hewlett Packard Enterprise Company,"The Hewlett Packard Enterprise Company (HPE) is an American multinational enterprise information technology company based in Houston, Texas, United States.",1645590,NYSE,USD,USA,TECHNOLOGY,COMPUTER & OFFICE EQUIPMENT,"3000 HANOVER STREET, PALO ALTO, CA, US",October,44592,19996154000,4837000000,5.5,1.873,15.63,0.48,0.0311,2.795,21.31,0.133,0.0822,0.0258,0.203,27911999000,9376000000,2.795,1.294,0.019,17.9,5.5,7.3,0.716,0.986,1.084,4.589,1.177,17.66,12.8,16.3,15.51,1300140000,2022-04-08,2022-03-10,
IT,Common Stock,Gartner Inc,"Gartner, Inc, officially known as Gartner, is a global research and advisory firm providing information, advice, and tools for leaders in IT, finance, HR, customer service and support, communications, legal and compliance, marketing, sales, and supply chain functions. Its headquarters are in Stamford, Connecticut, United States.",749251,NYSE,USD,USA,TRADE & SERVICES,SERVICES-MANAGEMENT SERVICES,"56 TOP GALLANT RD, P O BOX 10212, STAMFORD, CT, US",December,44561,23582431000,1148031000,31.55,1.99,4.503,0,0,9.21,55.68,0.168,0.205,0.0823,1.086,4733962000,3289869000,9.21,0.881,0.174,349.86,31.55,32.15,4.981,63.55,5.51,20.05,1.581,369,220.75,290.07,302.38,81165000,None,1999-07-19,
JBHT,Common Stock,J.B. Hunt Transport Services Inc,"J.B. Hunt Transport Services, Inc. is an American transportation and logistics company based in Lowell, Arkansas.",728535,NASDAQ,USD,USA,ENERGY & TRANSPORTATION,TRUCKING (NO LOCAL),"615 JB HUNT CORPORATE DR, PO BOX 130, LOWELL, AR, US",December,44651,17902176000,1602623000,23.93,1.883,29.67,1.18,0.0094,7.14,115.49,0.0625,0.0859,0.103,0.266,12168302000,2022753000,7.14,0.582,0.277,206.57,23.93,19.01,1.471,5.5,1.461,16.25,1.036,218.18,154.28,190.43,186.83,104783000,2022-05-27,2022-02-03,
JBL,Common Stock,Jabil Inc,"Jabil Inc. provides global manufacturing solutions and services. The company is headquartered in Saint Petersburg, Florida.",898293,NYSE,USD,USA,MANUFACTURING,PRINTED CIRCUIT BOARDS,"10560 DR. MARTIN LUTHER KING JR. ST. N., ST PETERSBURG, FL, US",August,44620,8152399000,2111000000,10.66,0.91,16.41,0.32,0.0055,5.42,211.59,0.0263,0.0392,0.0471,0.364,30744001000,2359000000,5.42,0.525,0.106,82.17,10.66,7.97,0.265,3.488,0.34,5.0,1.42,72.01,50.57,58.48,61.32,141216000,2022-06-02,2022-05-13,
JNJ,Common Stock,Johnson & Johnson,"Johnson & Johnson (J&J) is an American multinational corporation founded in 1886 that develops medical devices, pharmaceuticals, and consumer packaged goods. Its common stock is a component of the Dow Jones Industrial Average and the company is ranked No. 36 on the 2021 Fortune 500 list of the largest United States corporations by total revenue. Johnson & Johnson is one of the world's most valuable companies, and is one of only two U.S.-based companies that has a prime credit rating of AAA, higher than that of the United States government.",200406,NYSE,USD,USA,LIFE SCIENCES,PHARMACEUTICAL PREPARATIONS,"ONE JOHNSON & JOHNSON PLZ, NEW BRUNSWICK, NJ, US",December,44651,4.69755E+11,32637000000,22.87,3.535,28.16,4.19,0.025,7.81,35.63,0.223,0.269,0.0884,0.304,93775004000,64020000000,7.81,1.723,0.104,191.42,22.87,17.61,5.01,6.41,5.02,21.77,0.72,186.69,154.86,175.18,169.46,2629620000,2022-06-07,2022-05-23,
KEYS,Common Stock,Keysight Technologies Inc,"Keysight Technologies, or Keysight, is an American company that manufactures electronics test and measurement equipment and software.",1601046,NYSE,USD,USA,LIFE SCIENCES,"INDUSTRIAL INSTRUMENTS FOR MEASUREMENT, DISPLAY, AND CONTROL","1400 FOUNTAINGROVE PARKWAY, SANTA ROSA, CA, US",October,44592,25525635000,1421000000,27.49,1.588,20.94,0,0,5.1,27.2,0.19,0.231,0.0951,0.259,5011000000,3069000000,5.1,0.348,0.059,198.69,27.49,20,5.09,6.7,5.1,17.99,1.056,209.08,134.65,152.78,172.26,181975000,None,None,
KIM,Common Stock,Kimco Realty Corporation,Kimco Realty Corporation is a real estate investment trust (REIT) that invests in shopping centers.,879101,NYSE,USD,USA,REAL ESTATE & CONSTRUCTION,REAL ESTATE INVESTMENT TRUSTS,"3333 NEW HYDE PARK RD, PO BOX 5020, NEW HYDE PARK, NY, US",December,44651,15215235000,858544000,15.38,43.43,16.05,0.68,0.0316,1.601,2.695,0.619,0.331,0.0188,0.107,1364585000,946674000,1.601,-0.721,0.576,27.6,15.38,46.95,11.15,1.581,14.38,14.52,1.476,26.57,19.09,24.4,23.2,617915000,2022-06-23,2022-06-08,
MC,Common Stock,Moelis & Company,"Moelis & Company is an investment banking advisory firm in the United States, Europe, and internationally. The company is headquartered in New York, New York.",1596967,NYSE,USD,USA,FINANCE,INVESTMENT ADVICE,"399 PARK AVENUE, 5TH FLOOR, NEW YORK, NY, US",December,44651,3100816000,None,8.46,1.97,7.81,2.35,0.0542,5.33,22.48,0.237,0.322,0.307,0.917,1540611000,1489839000,5.33,-0.337,0.007,52.57,8.46,12.38,2.013,5.88,1.613,4.891,1.276,75.27,43.65,46.43,58.48,61011000,2022-06-08,2022-05-06,
MCB,Common Stock,Metropolitan Bank Holding Corp,"Metropolitan Bank Holding Corp. The company is headquartered in New York, New York.",1476034,NYSE,USD,USA,FINANCE,STATE COMMERCIAL BANKS,"99 PARK AVENUE, NEW YORK, NY, US",December,44651,1024185000,None,14.17,None,51,0,0,6.45,19.63,0.342,0.506,0.0106,0.135,176882000,176882000,6.45,0.214,0.466,145,14.17,-,5.79,1.794,-,-,1.247,115.78,55.95,98.48,92.26,10931700,None,None,
MHK,Common Stock,Mohawk Industries Inc,"Mohawk Industries is an American flooring manufacturer based in Calhoun, Georgia, United States. Mohawk produces floor covering products for residential and commercial applications in North America and residential applications in Europe.",851968,NYSE,USD,USA,MANUFACTURING,CARPETS & RUGS,"160 S INDUSTRIAL BLVD, PO BOX 12069, CALHOUN, GA, US",December,44651,9260868000,1952059000,2.921,0.932,128.36,0,0,49.9,162.68,0.0922,0.121,0.0596,0.122,11200613000,3288830000,49.9,-0.195,0.045,168.5,2.921,10.08,0.827,1.064,0.961,8.25,1.507,231.8,117.56,132.75,168.23,63539000,None,None,
MSFT,Common Stock,Microsoft Corporation,"Microsoft Corporation is an American multinational technology company which produces computer software, consumer electronics, personal computers, and related services. Its best known software products are the Microsoft Windows line of operating systems, the Microsoft Office suite, and the Internet Explorer and Edge web browsers. Its flagship hardware products are the Xbox video game consoles and the Microsoft Surface lineup of touchscreen personal computers. Microsoft ranked No. 21 in the 2020 Fortune 500 rankings of the largest United States corporations by total revenue; it was the world's largest software maker by revenue as of 2016. It is considered one of the Big Five companies in the U.S. information technology industry, along with Google, Apple, Amazon, and Facebook.",789019,NASDAQ,USD,USA,TECHNOLOGY,SERVICES-PREPACKAGED SOFTWARE,"ONE MICROSOFT WAY, REDMOND, WA, US",June,44651,2.12756E+12,90829996000,30.3,1.906,21.34,2.36,0.0087,9.39,24.59,0.385,0.425,0.152,0.49,1.84903E+11,1.15856E+11,9.39,0.222,0.201,363.13,30.3,25.77,11.51,12.74,10.55,20.61,0.908,348.95,236.15,292.19,305.1,7479030000,2022-06-09,2022-05-18,
MSI,Common Stock,Motorola Solutions Inc,"Motorola Solutions, Inc., is an American data communications and telecommunications equipment provider that succeeded Motorola, Inc., following the spinoff of the mobile phone division into Motorola Mobility in 2011. The company is headquartered in Chicago, Illinois.",68505,NYSE,USD,USA,MANUFACTURING,RADIO & TV BROADCASTING & COMMUNICATIONS EQUIPMENT,"500 W. MONROE ST., CHICAGO, IL, US",December,44561,35962806000,2522000000,29.95,1.942,-5.88,2.92,0.0148,7.17,48.29,0.152,0.255,0.113,0,8171000000,4048000000,7.17,-0.032,0.021,272.4,29.95,21.74,4.401,-,4.9,18.16,0.882,272.67,182.19,227.3,238.85,167448000,2022-04-14,2022-03-14,
ON,Common Stock,ON Semiconductor Corporation,"ON Semiconductor Corporation manufactures and sells semiconductor components for various electronic devices worldwide. The company is headquartered in Phoenix, Arizona.",1097864,NASDAQ,USD,USA,MANUFACTURING,SEMICONDUCTORS & RELATED DEVICES,"5005 EAST MCDOWELL ROAD, PHOENIX, AZ, US",December,44651,24158935000,1981800000,24.5,0.887,10.6,0,0,2.27,15.83,0.15,0.205,0.0946,0.248,6739800000,2714300000,2.27,3.576,0.276,72.96,24.5,12.59,3.584,4.936,3.614,12.92,1.71,71.26,34.01,57.8,54.34,434357000,None,None,
ORCL,Common Stock,Oracle Corporation,"Oracle is an American multinational computer technology corporation headquartered in Austin, Texas. The company was formerly headquartered in Redwood Shores, California until December 2020 when it moved its headquarters to Texas. The company sells database software and technology, cloud engineered systems, and enterprise software products, particularly its own brands of database management systems.",1341439,NYSE,USD,USA,TECHNOLOGY,SERVICES-PREPACKAGED SOFTWARE,"2300 ORACLE WAY, MAIL STOP 5 OP 7, AUSTIN, TX, UNITED STATES",May,44620,1.97444E+11,18399001000,27.78,1.763,1.861,1.28,0.0174,2.664,15.23,0.181,0.379,0.0875,0.106,41827000000,32624000000,2.664,-0.5,0.042,92.17,27.78,13.93,4.721,47.38,6.0,17.95,0.83,105.53,69.96,78.64,86.99,2668160000,2022-04-21,2022-04-07,
PG,Common Stock,The Procter & Gamble Company,"The Procter & Gamble Company (P&G) is an American multinational consumer goods corporation headquartered in Cincinnati, Ohio, founded in 1837 by William Procter and James Gamble. It specializes in a wide range of personal health, consumer health, personal care, and hygiene products; these products are organized into several segments including Beauty; Grooming; Health Care; Fabric & Home Care; and Baby, Feminine, & Family Care. Before the sale of Pringles to Kellogg's, its product portfolio also included food, snacks, and beverages.",80424,NYSE,USD,USA,LIFE SCIENCES,"SOAP, DETERGENTS, CLEANG PREPARATIONS, PERFUMES, COSMETICS","ONE PROCTER & GAMBLE PLAZA, CINCINNATI, OH, US",June,44651,3.80001E+11,21170999000,28.02,4.771,18.26,3.4,0.0228,5.65,32.17,0.185,0.235,0.0951,0.311,78346002000,39144000000,5.65,0.126,0.061,167.16,28.02,26.11,4.85,8.63,5.16,19.45,0.443,164.9,128.88,155.13,150.54,2399300000,2022-05-16,2022-04-21,
QCOM,Common Stock,QUALCOMM Incorporated,"Qualcomm is an American multinational corporation headquartered in San Diego, California, and incorporated in Delaware. It creates semiconductors, software, and services related to wireless technology. It owns patents critical to the 5G, 4G, CDMA2000, TD-SCDMA and WCDMA mobile communications standards.",804328,NASDAQ,USD,USA,MANUFACTURING,RADIO & TV BROADCASTING & COMMUNICATIONS EQUIPMENT,"5775 MOREHOUSE DR, SAN DIEGO, CA, US",September,44651,1.62702E+11,12751000000,16.65,0.684,10.07,2.69,0.0215,8.73,31.93,0.277,0.309,0.173,1.067,36036002000,19304000000,8.73,0.406,0.3,204.42,16.65,11.56,4.515,11.74,4.09,10.67,1.226,192.78,121.2,150.83,155.53,1120000000,2022-06-23,2022-06-01,
QGEN,Common Stock,QIAGEN N.V,"QIAGEN NV provides sample-to-knowledge solutions that transform biological materials into molecular knowledge globally. The company is headquartered in Venlo, the Netherlands.",1015820,NYSE,USD,USA,LIFE SCIENCES,"BIOLOGICAL PRODUCTS, (NO DISGNOSTIC SUBSTANCES)","HULSTERWEG 82, VENLO, NL",December,44651,10533302000,863577000,20.95,4.654,13.64,0,0,2.21,9.88,0.228,0.292,0.0684,0.174,2251657000,1517938000,2.21,-0.379,0.02,51.68,20.95,21.32,4.678,3.327,4.843,12.06,0.283,58,41.32,47.47,51.45,227074000,None,None,
ROG,Common Stock,Rogers Corporation,"Rogers Corporation designs, develops, manufactures and sells engineering materials and components worldwide. The company is headquartered in Chandler, Arizona.",84748,NYSE,USD,USA,LIFE SCIENCES,"PLASTIC MATERIALS, SYNTH RESINS & NONVULCAN ELASTOMERS","2225 W CHANDLER BLVD, CHANDLER, AZ, US",December,44651,5123872000,171876000,47.56,1.056,59.74,0,0,5.73,49.8,0.116,0.138,0.0561,0.101,932886000,350839000,5.73,0.516,0.094,277,47.56,6.05,5.49,4.55,5.41,29.36,1.559,274.51,172.84,272.63,243.14,18803200,None,1992-01-09,
SHW,Common Stock,The Sherwin-Williams Company,"Sherwin Williams Company is a Cleveland, Ohio based company in the paint and coating manufacturing industry. The company primarily engages in the manufacture, distribution, and sale of paints, coatings, floorcoverings, and related products to professional, industrial, commercial, and retail customers primarily in North and South America and Europe.",89800,NYSE,USD,USA,TRADE & SERVICES,"RETAIL-BUILDING MATERIALS, HARDWARE, GARDEN SUPPLY","101 PROSPECT AVE NW, CLEVELAND, OH, US",December,44651,69918015000,3232900000,38.51,2.646,9.38,2.2,0.0087,6.98,75.98,0.0935,0.133,0.081,0.617,19944600000,8542700000,6.98,-0.224,0.061,308.68,38.51,29.33,3.506,32.01,4.122,26.87,1.146,353.33,233.32,254.9,294.77,260131000,2022-06-03,2022-05-19,
SMTC,Common Stock,Semtech Corporation,"Semtech Corporation designs, develops, manufactures, and markets mixed-signal and analog semiconductor products and advanced algorithms. The company is headquartered in Camarillo, California.",88941,NASDAQ,USD,USA,MANUFACTURING,SEMICONDUCTORS & RELATED DEVICES,"200 FLYNN ROAD, CAMARILLO, CA, US",January,44592,3922664000,175896000,31.87,1.787,11.51,0,0,1.92,11.46,0.17,0.196,0.0819,0.175,740858000,466081000,1.92,1.253,0.157,90.2,31.87,17.86,5.29,5.18,5.02,20.71,1.533,94.92,57.97,65.57,74.36,64106000,None,1980-09-05,
SPG,Common Stock,Simon Property Group Inc,"Simon Property Group, Inc. is a real estate investment trust that invests in shopping malls, outlet centers, and community/lifestyle centers. It is the largest owner of shopping malls in the United States and is headquartered in Indianapolis, Indiana.",1063761,NYSE,USD,USA,REAL ESTATE & CONSTRUCTION,REAL ESTATE INVESTMENT TRUSTS,"225 WEST WASHINGTON STREET, INDIANAPOLIS, IN, US",December,44561,43887555000,3693957000,17.09,2.5,10.1,5.85,0.0559,6.84,15.57,0.44,0.471,0.044,0.637,5114689000,4143625000,6.84,0.798,0.173,163.82,17.09,21.79,8.58,11.67,12.52,13.22,1.498,167.2,110.84,130.79,140.97,328342000,2022-03-31,2022-03-09,
TSLA,Common Stock,Tesla Inc,"Tesla, Inc. is an American electric vehicle and clean energy company based in Palo Alto, California. Tesla's current products include electric cars, battery energy storage from home to grid-scale, solar panels and solar roof tiles, as well as other related products and services. In 2020, Tesla had the highest sales in the plug-in and battery electric passenger car segments, capturing 16% of the plug-in market (which includes plug-in hybrids) and 23% of the battery-electric (purely electric) market. Through its subsidiary Tesla Energy, the company develops and is a major installer of solar photovoltaic energy generation systems in the United States. Tesla Energy is also one of the largest global suppliers of battery energy storage systems, with 3 GWh of battery storage supplied in 2020.",1318605,NASDAQ,USD,USA,MANUFACTURING,MOTOR VEHICLES & PASSENGER CAR BODIES,"3500 DEER CREEK RD, PALO ALTO, CA, US",December,44651,9.35455E+11,9333000000,184.24,2.029,29.23,0,0,4.901,54.59,0.102,0.121,0.0714,0.204,53823001000,13606000000,4.901,7.54,0.649,993.82,184.24,72.99,17.38,26.47,14.33,68.87,2.079,1243.49,546.98,936.1,905.48,1036010000,None,None,
TW,Common Stock,Tradeweb Markets Inc,"Tradeweb Markets Inc. creates and operates electronic marketplaces in the Americas, Europe, the Middle East, Africa, Asia Pacific and internationally. ",1758730,NASDAQ,USD,USA,FINANCE,"SECURITY & COMMODITY BROKERS, DEALERS, EXCHANGES & SERVICES","1177 AVENUE OF THE AMERICAS, NEW YORK, NY, US",June,44651,25209649000,None,64.35,1.868,22.86,0.32,0.0045,1.09,5.34,0.211,0.34,0.0468,0.0529,1074857000,1018668000,1.09,-0.166,0.188,97.92,64.35,37.74,23.45,3.588,14.11,28.09,0.916,102.23,68.89,84.9,88.09,107246000,2022-06-15,2022-05-31,
TX,Common Stock,Ternium S.A,"Ternium SA manufactures and processes various steel products in Mexico, Argentina, Paraguay, Chile, Bolivia, Uruguay, Brazil, the United States, Colombia, Guatemala, Costa Rica, Honduras, El Salvador and Nicaragua. The company is headquartered in Luxembourg City, Luxembourg.",1342874,NYSE,USD,USA,MANUFACTURING,"STEEL WORKS, BLAST FURNACES & ROLLING MILLS (COKE OVENS)","26, BOULEVARD ROYAL, 4TH FLOOR, LUXEMBOURG, LU",December,44651,8421614000,5792932000,2.202,4.03,53.67,2.6,0.0606,19.48,81.97,0.238,0.328,0.22,0.422,16090744000,6188697000,19.48,0.256,0.678,54.54,2.202,3.131,0.523,0.738,0.415,1.1,1.563,55.75,31.83,43.34,44.85,196308000,2022-05-16,2022-05-05,
TXN,Common Stock,Texas Instruments Incorporated,"Texas Instruments Incorporated (TI) is an American technology company headquartered in Dallas, Texas, that designs and manufactures semiconductors and various integrated circuits, which it sells to electronics designers and manufacturers globally. It is one of the top 10 semiconductor companies worldwide based on sales volume.",97476,NASDAQ,USD,USA,MANUFACTURING,SEMICONDUCTORS & RELATED DEVICES,"P.O. BOX 660199, DALLAS, TX, US",December,44651,1.60451E+11,9919000000,21.07,2.394,14.43,4.21,0.027,8.26,19.87,0.423,0.492,0.256,0.69,18343999000,12376000000,8.26,0.26,0.185,191.93,21.07,18.9,8.75,11.2,8.17,14.58,0.947,199.7,160.5,175.01,185.03,922134000,2022-05-17,2022-05-06,
TXT,Common Stock,Textron Inc,"Textron Inc. is an American industrial conglomerate based in Providence, Rhode Island. Textron's subsidiaries include Arctic Cat, Bell Textron, Textron Aviation (which itself includes the Beechcraft, Hawker, and Cessna brands), and Lycoming Engines.",217346,NYSE,USD,USA,MANUFACTURING,AIRCRAFT & PARTS,"40 WESTMINSTER ST, PROVIDENCE, RI, US",January,44592,14980783000,1271000000,21.01,0.979,31.42,0.08,0.0012,3.296,55.25,0.0603,0.0712,0.0352,0.118,12382000000,1943000000,3.296,-0.098,-0.094,87.18,21.01,15.63,1.21,2.198,1.343,11.84,1.711,79.16,63.01,71.01,72.18,216329000,2022-07-01,2022-06-09,
V,Common Stock,Visa Inc,"Visa Inc. is an American multinational financial services corporation headquartered in Foster City, California, United States. It facilitates electronic funds transfers throughout the world, most commonly through Visa-branded credit cards, debit cards and prepaid cards. Visa is one of the world's most valuable companies.",1403161,NYSE,USD,USA,TRADE & SERVICES,"SERVICES-BUSINESS SERVICES, NEC","P.O. BOX 8999, SAN FRANCISCO, CA, US",September,44651,4.58632E+11,17735000000,35.31,1.738,15.82,1.39,0.007,6.04,12.01,0.516,0.664,0.13,0.356,25476999000,23375000000,6.04,0.291,0.241,268.92,35.31,30.3,18,13.91,17.43,24.12,0.922,251.47,186.67,213.71,220.34,1648000000,2022-06-01,2022-05-12,
VSTO,Common Stock,Vista Outdoor Inc,"Vista Outdoor Inc. designs, manufactures, and markets consumer products in the outdoor sports and recreation markets in the United States and internationally. The company is headquartered in Anoka, Minnesota.",1616318,NYSE,USD,USA,MANUFACTURING,"ORDNANCE & ACCESSORIES, (NO VEHICLES/GUIDED MISSILES)","1 VISTA WAY, ANOKA, MN, US",March,44561,2039999000,644596000,5.07,0.73,18.22,0,0,7.15,49.04,0.151,0.203,0.185,0.506,2832550000,633650000,7.15,0.527,0.383,61.67,5.07,5.39,0.72,1.922,0.967,4.305,0.558,52.69,31.83,36.03,40.34,56214000,None,None,
WCC,Common Stock,WESCO International Inc,"WESCO International, Inc. provides business-to-business distribution, logistics, and supply chain solutions in the United States, Canada, and internationally. The company is headquartered in Pittsburgh, Pennsylvania.",929008,NYSE,USD,USA,TRADE & SERVICES,"WHOLESALE-ELECTRICAL APPARATUS & EQUIPMENT, WIRING SUPPLIES","225 WEST STATION SQUARE DRIVE, STE 700, PITTSBURGH, PA, US",December,44561,6250478000,1139074000,15.72,1.103,74.94,0,0,7.84,362.18,0.0255,0.0531,0.0494,0.131,18217513000,3792068000,7.84,26.42,0.175,157.55,15.72,10.59,0.343,1.653,0.613,11.16,2.289,140.92,93.08,124.26,122.39,50710000,None,None,
WDAY,Common Stock,Workday Inc,"Workday, Inc. provides business applications in the cloud worldwide. The company is headquartered in Pleasanton, California.",1327811,NASDAQ,USD,USA,TECHNOLOGY,SERVICES-COMPUTER PROCESSING & DATA PREPARATION,"6230 STONERIDGE MALL ROAD, SUITE 200, PLEASANTON, CA, US",January,44592,52310909000,227273000,1812.26,2.708,18.07,0,0,0.115,20.78,0.0057,-0.0227,-0.0076,0.0075,5138798000,3710703000,0.115,0,0.216,308.88,1812.26,56.5,10.18,11.44,9.8,133.7,1.368,307.81,200.09,228.03,252.28,196000000,None,None,
WFG,Common Stock,West Fraser Timber Co. Ltd,"West Fraser Timber Co. Ltd., a diversified wood products company, produces and sells wood, paneling, and pulp and paper in western Canada and the southern United States. The company is headquartered in Vancouver, Canada.",1402388,NYSE,USD,USA,TECHNOLOGY,GENERAL,NONE,December,44561,9191304000,4540000000,3.29,None,72.28,0.632,0.0114,27.03,96.48,0.28,0.376,0.338,0.582,10518000000,5875000000,27.03,-0.235,0.575,119,3.29,4.06,0.874,1.165,0.709,1.565,2.056,102.34,64.06,88.1,85.23,103366000,2022-04-05,2022-03-17,
WM,Common Stock,Waste Management Inc,"Waste Management, Inc. is an American waste management, comprehensive waste, and environmental services company in North America. Founded in 1968, the company is headquartered 800 Capitol in Houston, Texas.",823768,NYSE,USD,USA,ENERGY & TRANSPORTATION,REFUSE SYSTEMS,"1001 FANNIN STREET, HOUSTON, TX, US",December,44651,68276642000,4956000000,38.33,2.787,17.12,2.3,0.0158,4.29,42.65,0.101,0.165,0.0633,0.249,17931000000,6820000000,4.29,0.166,0.15,174.57,38.33,29.94,3.808,9.56,4.416,16.87,0.875,170.18,135.41,155.62,155.35,415207000,2022-03-31,2022-03-16,
XYL,Common Stock,Xylem Inc,"Xylem Inc. is a large American water technology provider, in public utility, residential, commercial, agricultural and industrial settings.",1524472,NYSE,USD,USA,TECHNOLOGY,PUMPS & PUMPING EQUIPMENT,"1133 WESTCHESTER AVENUE, WHITE PLAINS, NY, US",December,44561,14497486000,827000000,34.26,2.267,17.84,1.12,0.0149,2.35,28.82,0.0822,0.112,0.0427,0.138,5195000000,1979000000,2.35,-0.24,-0.036,94.54,34.26,30.96,2.791,4.505,3.014,18.82,1.114,138.02,80,86.19,113.06,180093000,2022-03-17,2022-02-16,
