Symbol,AssetType,Name,Description,CIK,Exchange,Currency,Country,Sector,Industry,Address,FiscalYearEnd,LatestQuarter,MarketCapitalization,EBITDA,PERatio,PEGRatio,BookValue,DividendPerShare,DividendYield,EPS,RevenuePerShareTTM,ProfitMargin,OperatingMarginTTM,ReturnOnAssetsTTM,ReturnOnEquityTTM,RevenueTTM,GrossProfitTTM,DilutedEPSTTM,QuarterlyEarningsGrowthYOY,QuarterlyRevenueGrowthYOY,AnalystTargetPrice,TrailingPE,ForwardPE,PriceToSalesRatioTTM,PriceToBookRatio,EVToRevenue,EVToEBITDA,Beta,52WeekHigh,52WeekLow,50DayMovingAverage,200DayMovingAverage,SharesOutstanding,DividendDate,ExDividendDate
A,Common Stock,Agilent Technologies Inc,"Agilent Technologies, Inc. is an American analytical instrumentation development and manufacturing company that offers its products and services to markets worldwide. Its global headquarters is located in Santa Clara, California.",1090872,NYSE,USD,USA,LIFE SCIENCES,INSTRUMENTS FOR MEAS & TESTING OF ELECTRICITY & ELEC SIGNALS,"5301 STEVENS CREEK BLVD, SANTA CLARA, CA, US",October,2022-01-31,35794477000,1787000000,30.26,2.383,17.16,0.792,0.007,3.941,21.29,0.187,0.227,0.0912,0.242,6445000000,3407000000,3.941,0,0.081,173.35,30.26,24.63,5.55,6.95,5.8,21.03,1.052,178.83,116.49,130.79,149.52,300113000,2022-04-27,2022-04-04
ABBV,Common Stock,AbbVie Inc,AbbVie is an American publicly traded biopharmaceutical company founded in 2013. It originated as a spin-off of Abbott Laboratories.,1551152,NYSE,USD,USA,LIFE SCIENCES,PHARMACEUTICAL PREPARATIONS,"1 NORTH WAUKEGAN ROAD, NORTH CHICAGO, IL, US",December,2021-12-31,259431203000,28050000000,22.77,1.279,8.71,5.31,0.0384,6.45,31.75,0.205,0.347,0.0822,0.809,56197001000,38883000000,6.45,248.9,0.074,163.99,22.77,10.41,4.617,16.84,5.81,13.63,0.785,174.43,102.35,156.41,129.69,1766280000,2022-05-16,2022-04-14
ABC,Common Stock,AmerisourceBergen Corporation,AmerisourceBergen Corporation is an American drug wholesale company that was formed by the merger of Bergen Brunswig and AmeriSource in 2001.,1140859,NYSE,USD,USA,TRADE & SERVICES,"WHOLESALE-DRUGS, PROPRIETARIES & DRUGGISTS' SUNDRIES","1300 MORRIS DRIVE, CHESTERBROOK, PA, US",September,2021-12-31,31640334000,3351327000,19.62,1.691,1.155,1.78,0.0117,7.71,1068.7,0.0073,0.0125,0.0335,0.361,221101097000,6774434000,7.71,0.177,0.135,166.91,19.62,14.04,0.143,130.99,0.159,11.39,0.464,167.19,110.17,152.5,131.92,209137000,2022-02-28,2022-02-11
ABMD,Common Stock,Abiomed Inc,"Abiomed is a publicly-traded medical devices company that develops and manufactures external and implantable circulatory support devices. The company is headquartered in Danvers, Massachusetts and has three additional offices, two in Germany in the cities of Berlin and Aachen, and another in Tokyo, Japan.",815094,NASDAQ,USD,USA,LIFE SCIENCES,SURGICAL & MEDICAL INSTRUMENTS & APPARATUS,"22 CHERRY HILL DRIVE, DANVERS, MA, UNITED STATES",March,2022-03-31,13044031000,280839000,98.52,2.75,31.48,0,0,2.909,22.11,0.133,0.253,0.105,0.0988,1003148000,685615000,2.909,-0.259,0.127,354.17,98.52,-,13.0,8.68,12.25,43.55,1.325,379.3,261.27,307.35,326.64,45516200,None,None
ABT,Common Stock,Abbott Laboratories,"Abbott Laboratories is an American multinational medical devices and health care company with headquarters in Abbott Park, Illinois, United States. The company was founded by Chicago physician Wallace Calvin Abbott in 1888 to formulate known drugs; today, it sells medical devices, diagnostics, branded generic medicines and nutritional products. It split off its research-based pharmaceuticals business into AbbVie in 2013.",1800,NYSE,USD,USA,LIFE SCIENCES,PHARMACEUTICAL PREPARATIONS,"100 ABBOTT PARK ROAD, ABBOTT PARK, IL, US",December,2022-03-31,198973456000,12756000000,28.64,6.87,20.3,1.82,0.0166,3.94,24.27,0.164,0.214,0.078,0.205,43074998000,25009000000,3.94,-0.075,0.072,141.77,28.64,23.42,4.619,5.59,4.693,18.0,0.734,141.53,103.78,119.0,124.69,1763480000,2022-05-16,2022-04-13
ALGN,Common Stock,Align Technology Inc,"Align Technology is a manufacturer of 3D digital scanners and the Invisalign clear aligners used in orthodontics. It is headquartered in San Jose, California.",1097149,NASDAQ,USD,USA,LIFE SCIENCES,"ORTHOPEDIC, PROSTHETIC & SURGICAL APPLIANCES & SUPPLIES","2820 ORCHARD PARKWAY, SAN JOSE, CA, US",December,2022-03-31,24341350000,1085129000,31.88,1.377,46.03,0,0,9.69,50.09,0.195,0.247,0.113,0.225,3952584000,2935355000,9.69,0.208,0.236,491.91,31.88,24.63,6.16,6.23,5.44,23.12,1.606,737.45,270.37,426.22,580.74,78805000,None,None
AMGN,Common Stock,Amgen Inc,"Amgen Inc. (formerly Applied Molecular Genetics Inc.) is an American multinational biopharmaceutical company headquartered in Thousand Oaks, California. Focused on molecular biology and biochemistry, its goal is to provide a healthcare business based on recombinant DNA technology.",318154,NASDAQ,USD,USA,LIFE SCIENCES,"BIOLOGICAL PRODUCTS, (NO DISGNOSTIC SUBSTANCES)","ONE AMGEN CENTER DRIVE, THOUSAND OAKS, CA, US",December,2022-03-31,124570100000,12582000000,22.68,1.39,12.0,7.04,0.0333,10.28,45.58,0.227,0.359,0.0941,0.732,25979001000,19525000000,10.28,0.217,0.032,248.99,22.68,13.12,4.795,135.94,5.88,20.04,0.591,258.45,196.95,238.53,225.07,534000000,2022-06-08,2022-05-16
ANTM,Common Stock,Anthem Inc,"Anthem, Inc., is a provider of health insurance in the United States. It is the largest for-profit managed health care company in the Blue Cross Blue Shield Association.",1156039,NYSE,USD,USA,FINANCE,HOSPITAL & MEDICAL SERVICE PLANS,"220 VIRGINIA AVENUE, INDIANAPOLIS, IN, US",December,2022-03-31,121007792000,9774000000,20.3,1.534,149.15,4.52,0.0099,24.73,568.67,0.044,0.0646,0.0608,0.176,138642997000,35998000000,24.73,1.111,0.15,563.2,20.3,17.61,0.873,3.364,0.957,-,1.052,533.68,353.45,483.8,429.41,241085000,2022-06-24,2022-06-09
BAX,Common Stock,Baxter International Inc,"Baxter International Inc. is an American multinational health care company with headquarters in Deerfield, Illinois. The company primarily focuses on products to treat hemophilia, kidney disease, immune disorders and other chronic and acute medical conditions. ",10456,NYSE,USD,USA,LIFE SCIENCES,SURGICAL & MEDICAL INSTRUMENTS & APPARATUS,"ONE BAXTER PKWY, DF2-1W, DEERFIELD, IL, US",December,2022-03-31,35554181000,2981000000,27.91,1.384,18.1,1.085,0.0158,2.53,25.47,0.1,0.164,0.0488,0.145,12784000000,5250000000,2.53,0.456,0.105,92.73,27.91,16.56,2.781,3.942,3.776,20.21,0.596,89.41,69.72,78.68,80.46,503197000,2022-04-01,2022-02-24
BDX,Common Stock,Becton Dickinson and Company,"Becton, Dickinson and Company, also known as BD, is an American multinational medical technology company that manufactures and sells medical devices, instrument systems, and reagents. BD also provides consulting and analytics services in certain geographies.",10795,NYSE,USD,USA,LIFE SCIENCES,SURGICAL & MEDICAL INSTRUMENTS & APPARATUS,"ONE BECTON DR, FRANKLIN LAKES, NJ, US",September,2021-12-31,69909504000,5267000000,42.65,3.121,84.83,3.36,0.0141,5.76,69.24,0.0886,0.15,0.0346,0.0723,19928001000,9576000000,5.76,-0.319,-0.06,289.75,42.65,19.16,3.508,2.913,4.31,18.95,0.652,277.29,227.8,260.71,249.17,284671000,2022-06-30,2022-06-08
BIIB,Common Stock,Biogen Inc,"Biogen Inc. is an American multinational biotechnology company based in Cambridge, Massachusetts, specializing in the discovery, development, and delivery of therapies for the treatment of neurological diseases to patients worldwide.",875045,NASDAQ,USD,USA,LIFE SCIENCES,"BIOLOGICAL PRODUCTS, (NO DISGNOSTIC SUBSTANCES)","225 BINNEY STREET, CAMBRIDGE, MA, US",December,2021-12-31,30468372000,3923400000,19.93,7.86,74.12,0,0,10.4,73.65,0.142,0.313,0.0885,0.16,10981700000,8872000000,10.4,0.075,-0.042,244.08,19.93,13.61,2.775,2.798,3.122,11.9,0.44,468.55,192.67,209.06,257.66,146963000,None,None
BIO,Common Stock,Bio-Rad Laboratories Inc,"Bio-Rad Laboratories, Inc. is an American developer and manufacturer of specialized technological products for the life science research and clinical diagnostics markets.",12208,NYSE,USD,USA,LIFE SCIENCES,LABORATORY ANALYTICAL INSTRUMENTS,"1000 ALFRED NOBEL DRIVE, HERCULES, CA, US",December,2022-03-31,15082300000,687930000,3.564,4.489,456.6,0,0,140.56,97.97,1.453,0.19,0.0225,0.361,2922545000,1665661000,140.56,1.978,-0.072,711.67,3.564,40.82,5.16,1.121,5.08,2.639,0.909,832.7,488.17,563.24,686.13,24863000,None,None
BMY,Common Stock,Bristol-Myers Squibb Company,"Bristol Myers Squibb (BMS) is an American multinational pharmaceutical company, headquartered in New York City. Bristol Myers Squibb manufactures prescription pharmaceuticals and biologics in several therapeutic areas, including cancer, AIDS, cardiovascular disease, diabetes, hepatitis, rheumatoid arthritis and psychiatric disorders.",14272,NYSE,USD,USA,LIFE SCIENCES,PHARMACEUTICAL PREPARATIONS,"430 E. 29TH STREET, 14 FLOOR, NEW YORK, NY, US",December,2022-03-31,159496274000,20579000000,24.05,2.437,16.52,2.01,0.0287,3.12,20.89,0.151,0.212,0.0539,0.19,46385000000,37048000000,3.12,-0.159,0.083,77.92,24.05,9.62,3.438,5.06,4.06,9.95,0.536,78.17,52.37,72.52,64.96,2125200000,2022-05-02,2022-03-31
BSX,Common Stock,Boston Scientific Corporation,"Boston Scientific Corporation, doing business as Boston Scientific, is a manufacturer of medical devices used in interventional medical specialties, including interventional radiology, interventional cardiology, peripheral interventions, neuromodulation, neurovascular intervention, electrophysiology, cardiac surgery, vascular surgery, endoscopy, oncology, urology and gynecology.",885725,NYSE,USD,USA,LIFE SCIENCES,SURGICAL & MEDICAL INSTRUMENTS & APPARATUS,"300 BOSTON SCIENTIFIC WAY, MARLBOROUGH, MA, US",December,2022-03-31,60194140000,3102000000,61.03,2.501,11.66,0,0,0.69,8.36,0.0876,0.169,0.0399,0.0652,11888000000,8241000000,0.69,-0.58,0.154,51.04,61.03,23.92,5.06,3.621,5.57,30.8,0.831,47.5,37.96,43.75,43.3,1429450000,None,None
CAH,Common Stock,Cardinal Health Inc,"Cardinal Health, Inc. is an American multinational health care services company.",721371,NYSE,USD,USA,TRADE & SERVICES,"WHOLESALE-DRUGS, PROPRIETARIES & DRUGGISTS' SUNDRIES","7000 CARDINAL PLACE, DUBLIN, OH, US",June,2021-12-31,16091703000,2564000000,30.19,0.593,3.603,1.958,0.0338,1.924,596.82,0.0032,0.0108,0.0262,0.373,171286004000,6975000000,1.924,-0.92,0.094,61.46,30.19,10.07,0.0939,16.12,0.108,22.31,0.921,64.53,45.03,57.3,52.88,277061000,2022-04-15,2022-03-31
CERN,Common Stock,Cerner Corporation,"Cerner Corporation is an American supplier of health information technology (HIT) services, devices, and hardware. Its headquarters are in the suburb of North Kansas City, Missouri.",804753,NASDAQ,USD,USA,TECHNOLOGY,SERVICES-COMPUTER INTEGRATED SYSTEMS DESIGN,"2800 ROCKCREEK PKWY, W0162, ATTN: MARC NAUGHTON, KANSAS CITY, MO, US",December,2022-03-31,27674147000,1545053000,51.16,5.48,12.57,0.93,0.0115,1.84,19.3,0.0964,0.189,0.0909,0.136,5764824000,4763807000,1.84,0.317,0.041,92.88,51.16,25.77,4.801,7.48,4.947,19.51,0.815,94.19,68.68,93.43,83.3,293968000,2022-04-19,2022-03-25
CI,Common Stock,Cigna Corporation,"Cigna is an American multinational managed healthcare and insurance company based in Bloomfield, Connecticut. Its insurance subsidiaries are major providers of medical, dental, disability, life and accident insurance and related products and services, the majority of which are offered through employers and other groups (e.g. governmental and non-governmental organizations, unions and associations).",1739940,NYSE,USD,USA,FINANCE,HOSPITAL & MEDICAL SERVICE PLANS,"900 COTTAGE GROVE ROAD, BLOOMFIELD, CT, US",December,2021-12-31,78569071000,10153000000,15.69,0.993,145.88,4,0.0182,15.73,515.66,0.0308,0.0479,0.0336,0.111,174274003000,23159000000,15.73,-0.704,0.093,266.38,15.69,11.0,0.451,1.668,0.615,-,0.857,269.97,189.88,243.4,223.84,318377000,2022-06-23,2022-03-08
CNC,Common Stock,Centene Corporation,"Centene Corporation is a large publicly traded company and a multi-line managed care enterprise that serves as a major intermediary for both government-sponsored and privately insured health care programs. It is a healthcare insurer that focuses on managed care for uninsured, underinsured, and low-income individuals.",1071739,NYSE,USD,USA,FINANCE,HOSPITAL & MEDICAL SERVICE PLANS,"7700 FORSYTH BLVD., ST LOUIS, MO, US",December,2022-03-31,46989816000,5157000000,35.24,1.034,46.0,0,0,2.28,202.76,0.0114,0.0312,0.0313,0.0504,118175998000,19574000000,2.28,0.021,0.152,96.24,35.24,14.62,0.398,1.702,0.42,13.4,0.513,89.92,59.67,84.63,75.13,584887000,None,None
COO,Common Stock,The Cooper Companies Inc,"The Cooper Companies, Inc., branded as CooperCompanies, is a global medical device company headquartered in San Ramon, California.",711404,NYSE,USD,USA,LIFE SCIENCES,OPHTHALMIC GOODS,"6140 STONERIDGE MALL RD, STE 590, PLEASANTON, CA, US",October,2022-01-31,17602644000,924500000,18.96,2.18,140.77,0.06,0.0002,18.83,61.48,0.31,0.201,0.037,0.145,3029200000,1985200000,18.83,-0.955,0.157,476,18.96,25.84,5.81,2.57,6.95,25.9,0.851,463.56,348.94,403.01,411.29,49301600,2022-02-09,2022-01-20
CRL,Common Stock,Charles River Laboratories International Inc,"Charles River Laboratories International, Inc., is an American pharmaceutical company specializing in a variety of preclinical and clinical laboratory, gene therapy and cell therapy services for the Pharmaceutical, Medical device and Biotechnology industries. It also supplies assorted biomedical products and outsourcing services for research and development in the pharmaceutical industry and offer support in the fields of basic research, drug discovery, safety and efficacy, clinical support, and manufacturing.",1100682,NYSE,USD,USA,TRADE & SERVICES,SERVICES-COMMERCIAL PHYSICAL & BIOLOGICAL RESEARCH,"251 BALLARDVALE ST, WILMINGTON, MA, US",December,2021-12-31,12490458000,899927000,32.35,1.274,50.21,0,0,7.6,70.39,0.11,0.179,0.0634,0.168,3540160000,1337470000,7.6,-0.049,0.144,376.92,32.35,20.7,3.528,4.84,4.231,18.26,1.228,460.21,230.62,278.11,360.82,50799000,None,None
CTLT,Common Stock,Catalent Inc,"Catalent, Inc. (Catalent Pharma Solutions) is a multinational corporation headquartered in Somerset, New Jersey. It is a global provider of delivery technologies, development, drug manufacturing, biologics, gene therapies and consumer health products.",1596783,NYSE,USD,USA,LIFE SCIENCES,PHARMACEUTICAL PREPARATIONS,"14 SCHOOLHOUSE ROAD, SOMERSET, NJ, US",June,2021-12-31,16221831000,1116000000,28.09,1.814,25.03,0,0,3.224,26.14,0.135,0.176,0.0535,0.146,4483000000,1352000000,3.224,0.156,0.336,144.54,28.09,21.79,3.619,3.62,4.359,16.26,1.383,142.64,86.34,101.32,117.8,179128000,None,None
CVS,Common Stock,CVS Health Corporation,"CVS Health (previously CVS Corporation and CVS Caremark Corporation) is an American healthcare company that owns CVS Pharmacy, a retail pharmacy chain; CVS Caremark, a pharmacy benefits manager; Aetna, a health insurance provider, among many other brands. The company's headquarters is in Woonsocket, Rhode Island.",64803,NYSE,USD,USA,TRADE & SERVICES,RETAIL-DRUG STORES AND PROPRIETARY STORES,"ONE CVS DR., WOONSOCKET, RI, US",December,2021-12-31,126236951000,18289000000,16.16,1.574,56.79,2,0.0229,5.95,220.56,0.0272,0.0474,0.0371,0.109,290912010000,50849000000,5.95,0.29,0.1,117.09,16.16,11.63,0.434,1.681,0.649,10.88,0.787,110.68,77.8,103.87,95.12,1313190000,2022-05-02,2022-04-21
DGX,Common Stock,Quest Diagnostics Incorporated,"Quest Diagnostics is an American clinical laboratory. A Fortune 500 company, Quest operates in the United States, Puerto Rico, Mexico, and Brazil. Quest also maintains collaborative agreements with various hospitals and clinics across the globe.",1022079,NYSE,USD,USA,LIFE SCIENCES,SERVICES-MEDICAL LABORATORIES,"3 GIRALDA FARMS, MADISON, NJ, US",December,2022-03-31,15541473000,2854000000,8.52,1.237,54.15,2.48,0.0197,15.55,86.3,0.185,0.227,0.111,0.309,10788000000,4243000000,15.55,-0.256,-0.086,152.07,8.52,14.64,1.441,2.463,1.841,6.58,1.105,172.55,123.95,137.11,145.64,117365000,2022-04-20,2022-04-05
DHR,Common Stock,Danaher Corporation,"Danaher Corporation is an American globally diversified conglomerate with its headquarters in Washington, D.C.. The company designs, manufactures, and markets professional, medical, industrial, and commercial products and services. The company's 3 platforms are Life Sciences, Diagnostics, and Environmental & Applied Solutions.",313616,NYSE,USD,USA,LIFE SCIENCES,"INDUSTRIAL INSTRUMENTS FOR MEASUREMENT, DISPLAY, AND CONTROL","2200 PENNSYLVANIA AVE. N.W., SUITE 800W, WASHINGTON, DC, US",December,2022-03-31,182590849000,10336000000,29.15,3.909,58.6,0.84,0.004,8.61,41.22,0.218,0.277,0.0641,0.149,29453001000,18056000000,8.61,0.444,0.205,329.74,29.15,24.1,6.2,4.238,6.73,20.23,0.78,333.22,237.61,276.8,299.05,727077000,2022-04-29,2022-03-24
DVA,Common Stock,DaVita Inc,DaVita Inc. provides kidney dialysis services through a network of outpatient dialysis centers in the United States.,927066,NYSE,USD,USA,LIFE SCIENCES,"SERVICES-MISC HEALTH & ALLIED SERVICES, NEC","2000 16TH STREET, DENVER, CO, US",December,2021-12-31,10304157000,2451048000,12.18,1.247,7.77,0,0,8.9,110.41,0.0842,0.152,0.0649,0.46,11618797000,3646383000,8.9,0.193,0.013,127,12.18,13.61,0.887,13.64,1.876,8.77,1.179,136.48,94.38,114.02,114.82,95083000,None,None
DXCM,Common Stock,DexCom Inc,"DexCom, Inc. is a company that develops, manufactures, and distributes continuous glucose monitoring (CGM) systems for diabetes management. It operates internationally with headquarters in San Diego, California, and has a manufacturing facility in Mesa, Arizona.",1093557,NASDAQ,USD,USA,LIFE SCIENCES,SURGICAL & MEDICAL INSTRUMENTS & APPARATUS,"6340 SEQUENCE DRIVE, SAN DIEGO, CA, US",December,2022-03-31,38798983000,349800000,255.1,4.636,23.21,0,0,1.55,25.32,0.0632,0.109,0.0363,0.0759,2448500000,1680500000,1.55,-0.027,0.227,550.06,255.1,120.48,15.85,17.81,15.25,100.8,0.929,659.45,318.45,452.13,506.5,98126000,None,None
EW,Common Stock,Edwards Lifesciences Corporation,"Edwards Lifesciences is an American medical technology company headquartered in Irvine, California, specializing in artificial heart valves and hemodynamic monitoring.",1099800,NYSE,USD,USA,LIFE SCIENCES,"ORTHOPEDIC, PROSTHETIC & SURGICAL APPLIANCES & SUPPLIES","ONE EDWARDS WAY, IRVINE, CA, US",December,2022-03-31,65862189000,1721300000,44.51,3.271,9.35,0,0,2.38,8.39,0.287,0.303,0.126,0.289,5232500000,3983600000,2.38,0.095,0.116,130.73,44.51,41.15,12.59,11.25,12.13,36.54,1.147,131.73,87.32,113.68,115.26,621317000,None,None
GILD,Common Stock,Gilead Sciences Inc,"Gilead Sciences, Inc. is an American biopharmaceutical company headquartered in Foster City, California, that focuses on researching and developing antiviral drugs used in the treatment of HIV, hepatitis B, hepatitis C, and influenza, including Harvoni and Sovaldi.",882095,NASDAQ,USD,USA,LIFE SCIENCES,"BIOLOGICAL PRODUCTS, (NO DISGNOSTIC SUBSTANCES)","333 LAKESIDE DR, FOSTER CITY, CA, US",December,2022-03-31,74518577000,13220000000,12.04,0.497,16.8,2.84,0.0492,4.93,21.74,0.228,0.409,0.102,0.316,27305001000,21779000000,4.93,-0.757,-0.024,69.9,12.04,9.03,2.729,3.537,3.468,8.36,0.416,73.19,56.6,60.55,67.08,1255790000,2022-06-29,2022-06-14
HCA,Common Stock,HCA Healthcare Inc,"HCA Healthcare is an American for-profit operator of health care facilities that was founded in 1968. It is based in Nashville, Tennessee, and, as of May 2020, owns and operates 186 hospitals and approximately 2,000 sites of care, including surgery centers, freestanding emergency rooms, urgent care centers and physician clinics in 21 states and the United Kingdom.",860730,NYSE,USD,USA,LIFE SCIENCES,"SERVICES-GENERAL MEDICAL & SURGICAL HOSPITALS, NEC","ONE PARK PLZ, NASHVILLE, TN, US",December,2022-03-31,64797958000,12531000000,10.14,1.189,0.74,1.92,0.0102,21.16,181.72,0.118,0.165,0.123,0.352,58752000000,22492000000,21.16,0.393,0.054,264.98,10.14,12.38,1.103,293.44,1.706,7.2,1.607,279.02,198.11,252.75,247.99,302018000,2022-06-30,2022-06-15
HOLX,Common Stock,Hologic Inc,"Hologic, Inc. is a medical technology company primarily focused on women's health; it sells medical devices for diagnostics, surgery, and medical imaging.",859737,NASDAQ,USD,USA,LIFE SCIENCES,X-RAY APPARATUS & TUBES & RELATED IRRADIATION APPARATUS,"250 CAMPUS DRIVE, MARLBOROUGH, MA, US",September,2022-03-31,18182369000,2653200000,10.97,0.933,17.94,0,0,6.65,21.48,0.312,0.406,0.166,0.441,5493600000,4074800000,6.65,-0.22,-0.086,79.3,10.97,13.59,3.31,3.746,3.478,7.59,1.122,81.04,60.1,73.89,73.96,249381000,None,None
HSIC,Common Stock,Henry Schein Inc,"Henry Schein, Inc. is an American distributor of health care products and services with a presence in 32 countries.",1000228,NASDAQ,USD,USA,TRADE & SERVICES,"WHOLESALE-MEDICAL, DENTAL & HOSPITAL EQUIPMENT & SUPPLIES","135 DURYEA RD, MELVILLE, NY, US",December,2021-12-31,11105961000,1057736000,18.08,2.049,24.97,0,0,4.45,88.52,0.0509,0.0684,0.0652,0.147,12401021000,3672251000,4.45,0.055,0.052,90.82,18.08,16.81,0.896,3.269,0.991,11.52,0.717,92.68,70.25,87.05,79.39,138048000,None,None
HUM,Common Stock,Humana Inc,"Humana Inc. is a for-profit American health insurance company based in Louisville, Kentucky.",49071,NYSE,USD,USA,FINANCE,HOSPITAL & MEDICAL SERVICE PLANS,"500 W MAIN ST, LOUISVILLE, KY, US",December,2022-03-31,54835982000,4547000000,19.12,1.366,124.84,2.8,0.0071,22.67,654.24,0.0348,0.0508,0.0674,0.197,84193001000,14994000000,22.67,0.178,0.105,506.1,19.12,18.55,0.651,3.671,0.749,-,0.939,472.29,350.57,439.77,429.11,126493000,2022-07-29,2022-06-29
IDXX,Common Stock,IDEXX Laboratories Inc,"IDEXX Laboratories, Inc. is an American multinational corporation  engaged in the development, manufacture, and distribution of products and services for the companion animal veterinary, livestock and poultry, water testing, and dairy markets.",874716,NASDAQ,USD,USA,LIFE SCIENCES,IN VITRO & IN VIVO DIAGNOSTIC SUBSTANCES,"ONE IDEXX DRIVE, WESTBROOK, ME, US",December,2021-12-31,36421046000,1036624000,50.29,5.28,8.16,0,0,8.6,37.74,0.232,0.29,0.246,1.126,3215360000,1889432000,8.6,-0.061,0.111,674.57,50.29,46.3,11.33,52.54,11.55,35.81,1.003,706.95,420.62,513.36,595.0,84218000,None,None
ILMN,Common Stock,Illumina Inc,"Illumina, Inc. is an American company. Incorporated on April 1, 1998, Illumina develops, manufactures, and markets integrated systems for the analysis of genetic variation and biological function. The company provides a line of products and services that serves the sequencing, genotyping and gene expression, and proteomics markets. Its headquarters are located in San Diego, California.",1110803,NASDAQ,USD,USA,LIFE SCIENCES,LABORATORY ANALYTICAL INSTRUMENTS,"5200 ILLUMINA WAY, SAN DIEGO, CA, US",December,2021-12-31,47259927000,903000000,59.69,2.208,68.41,0,0,5.04,30.17,0.168,0.144,0.0357,0.0987,4526000000,3225000000,5.04,-0.597,0.258,413.17,59.69,71.43,10.44,4.339,10.56,39.97,0.931,526,292.51,332.65,392.85,157088000,None,None
INCY,Common Stock,Incyte Corporation,"Incyte Corp is an American pharmaceutical company based in Alapocas, Delaware.",879169,NASDAQ,USD,USA,TRADE & SERVICES,SERVICES-COMMERCIAL PHYSICAL & BIOLOGICAL RESEARCH,"1801 AUGUSTINE CUT-OFF, WILMINGTON, DE, US",December,2021-12-31,16590521000,659659000,17.55,0.573,17.05,0,0,4.27,13.55,0.318,0.201,0.0882,0.297,2986267000,1340078000,4.27,2.755,0.093,91.54,17.55,19.68,5.56,4.401,4.784,22.67,0.724,88.26,61.91,75.46,72.25,221325000,None,None
IQV,Common Stock,IQVIA Holdings Inc,"IQVIA, formerly Quintiles and IMS Health, Inc., is an American multinational company serving the combined industries of health information technology and clinical research. It is a provider of biopharmaceutical development and commercial outsourcing services, focused primarily on Phase I-IV clinical trials and associated laboratory and analytical services, including consulting services.",1478242,NYSE,USD,USA,TRADE & SERVICES,SERVICES-COMMERCIAL PHYSICAL & BIOLOGICAL RESEARCH,"4820 EMPEROR BLVD., DURHAM, NC, US",December,2022-03-31,41440010000,2499000000,43.85,1.28,31.7,0,0,4.95,72.49,0.0696,0.104,0.0367,0.158,13874000000,4641000000,4.95,1.677,0.102,263.82,43.85,21.28,2.987,6.97,3.757,18.64,1.457,285.61,204.5,228.03,247.97,190915000,None,None
ISRG,Common Stock,Intuitive Surgical Inc,"Intuitive Surgical, Inc. is an American corporation that develops, manufactures, and markets robotic products designed to improve clinical outcomes of patients through minimally invasive surgery, most notably with the da Vinci Surgical System.",1035267,NASDAQ,USD,USA,LIFE SCIENCES,"ORTHOPEDIC, PROSTHETIC & SURGICAL APPLIANCES & SUPPLIES","1020 KIFER ROAD, SUNNYVALE, CA, US",December,2022-03-31,86386590000,2128400000,51.64,14.8,33.27,0,0,4.66,16.04,0.298,0.319,0.0921,0.159,5710100000,3958500000,4.66,0.024,0.167,335.53,51.64,47.85,15.13,7.1,13.87,38.37,1.17,369.69,234.15,281.44,319.59,358957000,None,None
JNJ,Common Stock,Johnson & Johnson,"Johnson & Johnson (J&J) is an American multinational corporation founded in 1886 that develops medical devices, pharmaceuticals, and consumer packaged goods. Its common stock is a component of the Dow Jones Industrial Average and the company is ranked No. 36 on the 2021 Fortune 500 list of the largest United States corporations by total revenue. Johnson & Johnson is one of the world's most valuable companies, and is one of only two U.S.-based companies that has a prime credit rating of AAA, higher than that of the United States government.",200406,NYSE,USD,USA,LIFE SCIENCES,PHARMACEUTICAL PREPARATIONS,"ONE JOHNSON & JOHNSON PLZ, NEW BRUNSWICK, NJ, US",December,2022-03-31,469755298000,32637000000,22.87,3.535,28.16,4.19,0.025,7.81,35.63,0.223,0.269,0.0884,0.304,93775004000,64020000000,7.81,1.723,0.104,191.42,22.87,17.61,5.01,6.41,5.02,21.77,0.72,186.69,154.86,175.18,169.46,2629620000,2022-06-07,2022-05-23
LH,Common Stock,Laboratory Corporation of America Holdings,"Laboratory Corporation of America Holdings, more commonly known as Labcorp, is an American company headquartered in Burlington, North Carolina. It operates one of the largest clinical laboratory networks in the world, with a United States network of 36 primary laboratories.",920148,NYSE,USD,USA,LIFE SCIENCES,SERVICES-MEDICAL LABORATORIES,"358 S MAIN ST, BURLINGTON, NC, US",December,2022-03-31,22856980000,4049300000,10.06,2.068,110.35,0,0.012,24.39,166.71,0.147,0.216,0.108,0.241,16120900000,5624300000,24.39,-0.397,-0.097,317.08,10.06,12.48,1.418,2.173,1.715,7.4,1.045,317.17,232.01,267.51,283.29,93176000,2022-06-09,2022-05-18
LLY,Common Stock,Eli Lilly and Company,"Eli Lilly and Company is an American pharmaceutical company headquartered in Indianapolis, Indiana, with offices in 18 countries. Its products are sold in approximately 125 countries.",59478,NYSE,USD,USA,LIFE SCIENCES,PHARMACEUTICAL PREPARATIONS,"LILLY CORPORATE CTR, DROP CODE 1112, INDIANAPOLIS, IN, US",December,2022-03-31,275761594000,9725100000,47.31,1.847,9.94,3.4,0.0134,6.12,31.22,0.197,0.289,0.107,0.745,28318401000,21345300000,6.12,-0.183,0.075,304.28,47.31,34.01,9.74,30.98,9.93,38.82,0.43,314,185.37,280.05,258.05,952347000,2022-03-10,2022-02-14
MCK,Common Stock,McKesson Corporation,"McKesson Corporation is an American company distributing pharmaceuticals and providing health information technology, medical supplies, and care management tools.",927653,NYSE,USD,USA,TRADE & SERVICES,"WHOLESALE-DRUGS, PROPRIETARIES & DRUGGISTS' SUNDRIES","6555 STATE HWY 161, IRVING, TX, UNITED STATES",March,2021-12-31,45958025000,3517000000,34.03,26.75,36.68,1.78,0.0061,9.02,1655.97,0.0055,0.0105,0.0269,0.14,257005994000,11967000000,9.02,-0.517,0.096,337,34.03,13.35,0.179,5.04,0.201,15.57,0.717,335.6,178.92,300.32,241.53,149798000,2022-07-01,2022-05-31
MDT,Common Stock,Medtronic plc,"Medtronic plc is an American-Irish registered medical device company that primarily operates in the United States. Medtronic has an operational and executive headquarters in Fridley, Minnesota in the US.",1613103,NYSE,USD,USA,LIFE SCIENCES,ELECTROMEDICAL & ELECTROTHERAPEUTIC APPARATUS,"20 ON HATCH, LOWER HATCH STREET, DUBLIN, IE",April,2022-01-31,138366435000,9609000000,28.42,2.37,39.14,2.47,0.0241,3.629,23.63,0.155,0.217,0.0457,0.0952,31785001000,19762000000,3.629,0.17,-0.002,124.61,28.42,18.08,4.353,2.665,4.843,17.62,0.752,133.57,97.17,107.82,115.74,1341540000,2022-04-22,2022-03-24
MRK,Common Stock,Merck & Co. Inc,"Merck & Co. is an American multinational pharmaceutical company headquartered in Kenilworth, New Jersey. It is named after the Merck family, which set up Merck Group in Germany in 1668.",310158,NYSE,USD,USA,LIFE SCIENCES,PHARMACEUTICAL PREPARATIONS,"2000 GALLOPING HILL ROAD, KENILWORTH, NJ, US",December,2022-03-31,221609869000,18980000000,17.06,1.183,15.11,2.6,0.0315,5.14,19.25,0.268,0.326,0.101,0.388,48704000000,35463000000,5.14,0.548,0.235,94.73,17.06,12.24,4.55,5.87,4.745,14.97,0.461,90.01,69.02,81.49,79.0,2528350000,2022-04-07,2022-03-14
MRNA,Common Stock,Moderna Inc,"Moderna, Inc., a biotechnology company, develops messenger RNA-based vaccines and therapies for the treatment of infectious diseases, immuno-oncology, rare diseases, cardiovascular diseases, and autoimmune diseases. The company is headquartered in Cambridge, Massachusetts.",1682852,NASDAQ,USD,USA,LIFE SCIENCES,"BIOLOGICAL PRODUCTS, (NO DISGNOSTIC SUBSTANCES)","200 TECHNOLOGY SQUARE, CAMBRIDGE, MA, US",December,2021-12-31,57261081000,13528001000,5.02,0,35.1,0,0,28.29,45.83,0.661,0.72,0.519,1.461,18471000000,13863000000,28.29,0,11.63,234.88,5.02,5.04,3.1,3.83,2.401,3.277,1.545,497.49,122.01,155.63,266.68,403020000,None,None
MTD,Common Stock,Mettler-Toledo International Inc,"Mettler Toledo (NYSE: MTD) is a multinational manufacturer of scales and analytical instruments. It is the largest provider of weighing instruments for use in laboratory, industrial, and food retailing applications. The company also provides various analytical instruments, process analytics instruments, and end-of-line inspection systems.",1037646,NYSE,USD,USA,LIFE SCIENCES,LABORATORY ANALYTICAL INSTRUMENTS,"1900 POLARIS PARKWAY, COLUMBUS, OH, US",December,2021-12-31,30337702000,1073793000,40.71,2.082,7.5,0,0,32.78,160.74,0.207,0.271,0.205,0.339,3717930000,2171553000,32.78,0.101,0.106,1461,40.71,35.71,8.16,169.44,8.24,27.83,1.078,1714.75,1225.56,1355.84,1473.24,22735600,None,None
OGN,Common Stock,Organon & Co,"Organon & Co. is an American pharmaceutical company headquartered in Jersey City, New Jersey. Organon specializes in the following core therapeutic fields: reproductive medicine, contraception, psychiatry, Hormone replacement therapy (HRT), and anesthesia. The company sells to international markets.",1821825,NYSE,USD,USA,LIFE SCIENCES,PHARMACEUTICAL PREPARATIONS,"30 HUDSON STREET, FL 33, JERSEY CITY, NJ, US",December,2021-12-31,8136675000,2012000000,6.04,None,18.63,0.56,0.0339,5.31,24.86,0.214,0.288,0.109,0.679,6304000000,3929000000,5.31,-0.453,-0.006,39.29,6.04,5.03,1.291,1.843,2.633,8.37,None,39.48,26.58,35.08,33.19,253637000,2022-03-17,2022-02-25
PFE,Common Stock,Pfizer Inc,"Pfizer Inc. is an American multinational pharmaceutical and biotechnology corporation headquartered on 42nd Street in Manhattan, New York City. The name of the company commemorates its co-founder, Charles Pfizer (1824-1906). Pfizer develops and produces medicines and vaccines for immunology, oncology, cardiology, endocrinology, and neurology. The company has several blockbuster drugs or products that each generate more than 1 billion USD in annual revenues.",78003,NYSE,USD,USA,LIFE SCIENCES,PHARMACEUTICAL PREPARATIONS,"235 E 42ND ST, NEW YORK, NY, US",December,2021-12-31,277136081000,31949001000,12.73,1.173,13.74,1.56,0.0326,3.854,14.51,0.27,0.33,0.1,0.319,81288004000,50627000000,3.854,2.911,1.068,60.29,12.73,7.15,3.409,3.59,3.482,9.19,0.722,61.24,37.01,50.67,49.27,5647770000,2022-06-10,2022-05-12
PKI,Common Stock,PerkinElmer Inc,"PerkinElmer, Inc., previously styled Perkin-Elmer, is an American global corporation focused in the business areas of diagnostics, life science research, food, environmental and industrial testing. Its capabilities include detection, imaging, informatics, and service. PerkinElmer produces analytical instruments, genetic testing and diagnostic tools, medical imaging components, software, instruments, and consumables for multiple end markets.",31791,NYSE,USD,USA,LIFE SCIENCES,LABORATORY ANALYTICAL INSTRUMENTS,"940 WINTER STREET, WALTHAM, MA, US",December,2021-12-31,18495877000,1868369000,18.15,4.682,56.57,0.28,0.0019,8.08,43.62,0.186,0.298,0.0822,0.173,5067169000,2890369000,8.08,-0.558,0.007,191.91,18.15,19.3,3.65,2.59,4.556,13.27,1.101,202.99,130.56,169.57,177.59,126157000,2022-08-12,2022-07-21
REGN,Common Stock,Regeneron Pharmaceuticals Inc,"Regeneron Pharmaceuticals, Inc. is an American biotechnology company headquartered in Westchester County, New York. Originally focused on neurotrophic factors and their regenerative capabilities, giving rise to its name, the company then branched out into the study of both cytokine and tyrosine kinase receptors.",872589,NASDAQ,USD,USA,LIFE SCIENCES,PHARMACEUTICAL PREPARATIONS,"777 OLD SAW MILL RIVER ROAD, TARRYTOWN, NY, US",December,2021-12-31,72400593000,9233000000,9.16,6.0,176.11,0,0,71.97,152.05,0.502,0.557,0.263,0.542,16071700000,10726100000,71.97,0.923,1.044,697.1,9.16,15.5,4.505,3.857,4.319,7.18,0.209,747.42,478.4,670.76,632.93,108028000,None,None
RMD,Common Stock,ResMed Inc,"ResMed is a San Diego, California-based medical equipment company. It primarily provides cloud-connectable medical devices for the treatment of sleep apnea (such as CPAP devices and masks), chronic obstructive pulmonary disease (COPD), and other respiratory conditions.",943819,NYSE,USD,USA,LIFE SCIENCES,SURGICAL & MEDICAL INSTRUMENTS & APPARATUS,"9001 SPECTRUM CENTER BLVD., SAN DIEGO, CA, US",June,2022-03-31,29242413000,1086692000,56.27,2.735,21.52,1.65,0.0084,3.554,23.64,0.152,0.283,0.131,0.174,3443760000,1889459000,3.554,0.114,0.119,243.33,56.27,30.58,8.49,8.92,8.67,25.71,0.325,300.34,188.33,240.7,256.51,146234000,2022-06-16,2022-05-11
STE,Common Stock,STERIS plc,Steris Corporation is an American Irish-domiciled medical equipment company specializing in sterilization and surgical products for the US healthcare system.,1757898,NYSE,USD,USA,LIFE SCIENCES,"ORTHOPEDIC, PROSTHETIC & SURGICAL APPLIANCES & SUPPLIES","70 SIR JOHN ROGERSON'S QUAY, DUBLIN 2, IE",March,2021-12-31,22434456000,1068354000,75.77,3.676,66.04,1.66,0.0077,2.957,45.26,0.0657,0.162,0.0472,0.0529,4247909000,1368778000,2.957,0.068,0.495,271.8,75.77,39.53,5.28,3.393,6.02,30.63,0.639,255.93,186.83,237.01,227.31,100127000,2022-03-24,2022-02-24
SYK,Common Stock,Stryker Corporation,"Stryker Corporation is an American multinational medical technologies corporation based in Kalamazoo, Michigan. Stryker's products include implants used in joint replacement and trauma surgeries; surgical equipment and surgical navigation systems; endoscopic and communications systems; patient handling and emergency medical equipment; neurosurgical, neurovascular and spinal devices; as well as other medical device products used in a variety of medical specialties.",310764,NYSE,USD,USA,LIFE SCIENCES,SURGICAL & MEDICAL INSTRUMENTS & APPARATUS,"2825 AIRVIEW BLVD, KALAMAZOO, MI, US",December,2022-03-31,91123900000,4645000000,46.31,2.461,39.41,2.585,0.0115,5.21,45.38,0.117,0.214,0.0663,0.143,17108000000,11262000000,5.21,0.161,0.103,284.74,46.31,24.63,5.33,6.13,5.88,27.35,0.987,279.72,230.16,260.45,262.76,377700000,2022-04-29,2022-03-30
TECH,Common Stock,Bio-Techne Corporation,"Bio-Techne Corporation develops, manufactures, and sells life science reagents, instruments, and services for the global clinical diagnostic and research markets. The company is headquartered in Minneapolis, Minnesota.",842023,NASDAQ,USD,USA,LIFE SCIENCES,"BIOLOGICAL PRODUCTS, (NO DISGNOSTIC SUBSTANCES)","614 MCKINLEY PL N E, MINNEAPOLIS, MN, US",June,2021-12-31,15030917000,332496000,74.39,1.264,43.31,1.28,0.0034,5.14,26.37,0.204,0.266,0.0782,0.124,1029575000,634415000,5.14,0.687,0.201,526.9,74.39,42.02,14.6,8.76,14.56,47.75,1.21,543.09,347.62,417.25,458.92,39288300,2022-02-25,2022-02-10
TFX,Common Stock,Teleflex Incorporated,"Teleflex Incorporated, headquartered in Wayne, Pennsylvania, is an American provider of specialty medical devices for a range of procedures in critical care and surgery.",96943,NYSE,USD,USA,LIFE SCIENCES,SURGICAL & MEDICAL INSTRUMENTS & APPARATUS,"550 E SWEDESFORD RD, SUITE 400, WAYNE, PA, US",December,2022-03-31,13396063000,807813000,27.91,3.249,80.13,1.36,0.0048,10.23,60.07,0.173,0.203,0.0508,0.137,2809563000,1552902000,10.23,0.679,0.071,364,27.91,20.37,4.768,3.529,5.3,17.44,1.052,427.1,277.02,336.11,348.1,46901700,2022-03-15,2022-03-04
TMO,Common Stock,Thermo Fisher Scientific Inc,"Thermo Fisher Scientific is an American provisioner of scientific instrumentation, reagents and consumables, and software and services to healthcare, life science, and other laboratories in academia, government, and industry (including in the biotechnology and pharmaceutical sectors). Based in Waltham, Massachusetts, Thermo Fisher was created in 2006 by the merger of Thermo Electron and Fisher Scientific, to form a company with US$ 9 billion in combined revenues.",97745,NYSE,USD,USA,LIFE SCIENCES,"MEASURING & CONTROLLING DEVICES, NEC","168 THIRD AVENUE, WALTHAM, MA, US",December,2021-12-31,216434442000,12820000000,28.41,6.79,103.42,1.04,0.0022,19.46,99.52,0.197,0.261,0.0779,0.205,39211000000,19638000000,19.46,-0.333,0.014,677.29,28.41,24.57,5.52,5.31,6.29,20.62,0.826,671.96,437.85,563.15,584.99,391439000,2022-04-14,2022-03-15
UHS,Common Stock,Universal Health Services Inc,"UnitedHealth Group Incorporated is an American for-profit multinational managed healthcare and insurance company based in Minnetonka, Minnesota. It offers health care products and insurance services.",352915,NYSE,USD,USA,LIFE SCIENCES,"SERVICES-GENERAL MEDICAL & SURGICAL HOSPITALS, NEC","367 S GULPH RD, KING OF PRUSSIA, PA, US",December,2022-03-31,9100829000,1927529000,10.34,1.87,78.99,0.8,0.0065,11.82,153.2,0.0784,0.11,0.0656,0.157,12642117000,5051039000,11.82,-0.166,0.061,143.41,10.34,10,0.72,1.555,1.059,7.41,1.058,164.29,116.07,143.75,138.84,67212000,2022-03-15,2022-02-28
UNH,Common Stock,UnitedHealth Group Incorporated,"UnitedHealth Group Incorporated is an American for-profit multinational managed healthcare and insurance company based in Minnetonka, Minnesota. It offers health care products and insurance services. In 2020, it was the second-largest healthcare company (behind CVS Health) by revenue with $257.1 billion, and the largest insurance company by net premiums. UnitedHealthcare revenues comprise 80% of the Group's overall revenue.",731766,NYSE,USD,USA,FINANCE,HOSPITAL & MEDICAL SERVICE PLANS,"UNITEDHEALTH GROUP CENTER, 9900 BREN ROAD EAST, MINNEAPOLIS, MN, US",December,2022-03-31,477502505000,26150001000,28.13,1.847,76.26,5.6,0.0114,18.08,304.98,0.0601,0.0834,0.0732,0.241,287597003000,69652000000,18.08,0.853,0.126,567.21,28.13,23.53,1.66,6.27,1.682,18.18,0.877,553.29,380.75,505.77,459.06,938949000,2022-03-22,2022-03-11
VRTX,Common Stock,Vertex Pharmaceuticals Incorporated,"Vertex Pharmaceuticals, Inc. is an American biopharmaceutical company based in Boston, Massachusetts.",875320,NASDAQ,USD,USA,LIFE SCIENCES,PHARMACEUTICAL PREPARATIONS,"50 NORTHERN AVENUE, BOSTON, MA, US",December,2021-12-31,69817000000,2904600000,30.32,0.397,39.69,0,0,9.01,29.39,0.309,0.367,0.138,0.249,7574400000,3619100000,9.01,0.304,0.273,287.29,30.32,18.98,9.22,6.91,8.35,21.67,0.613,292.75,176.36,255.88,215.94,255534000,None,None
VTRS,Common Stock,Viatris Inc,"Viatris Inc. is an American global healthcare company headquartered in Canonsburg, Pennsylvania.",1792044,NASDAQ,USD,USA,LIFE SCIENCES,PHARMACEUTICAL PREPARATIONS,"235 EAST 42ND STREET, NEW YORK, NY, US",December,2021-12-31,12607920000,6180800000,None,None,16.94,0.45,0.0465,-1.05,14.8,-0.071,0.166,0.0319,-0.0584,17886300000,7749900000,-1.05,-0.283,0.198,16.69,-,3.007,0.705,0.61,1.952,7.8,1.373,15.79,9.66,10.97,13.24,1209580000,2022-03-16,2022-02-23
WAT,Common Stock,Waters Corporation,"Waters Corporation is a publicly traded Analytical Laboratory instrument and software company headquartered in Milford, Massachusetts.",1000697,NYSE,USD,USA,LIFE SCIENCES,LABORATORY ANALYTICAL INSTRUMENTS,"34 MAPLE ST, MILFORD, MA, US",December,2022-03-31,19748370000,958425000,29.27,2.791,6.05,0,0,11.17,45.24,0.249,0.297,0.174,2.311,2785874000,1629341000,11.17,0.005,0.063,338.64,29.27,25.45,7.09,49.8,6.94,19.67,0.891,428.22,288.32,312.99,349.78,60406000,None,1996-11-26
WST,Common Stock,West Pharmaceutical Services Inc,"West Pharmaceutical Services, Inc. is a designer and manufacturer of injectable pharmaceutical packaging and delivery systems. The company is headquartered in Exton, Pennsylvania.",105770,NYSE,USD,USA,MANUFACTURING,"FABRICATED RUBBER PRODUCTS, NEC","530 HERMAN O. WEST DRIVE, EXTON, PA, US",December,2022-03-31,23216816000,886300000,36.02,4.423,31.47,0.69,0.0023,8.67,38.06,0.234,0.27,0.156,0.316,2831600000,1175800000,8.67,0.494,0.26,397.2,36.02,34.36,8.2,9.99,7.95,25.64,1.054,474.69,305.82,382.44,412.71,74353000,2022-08-03,2022-04-19
XRAY,Common Stock,DENTSPLY SIRONA Inc,Dentsply Sirona is an American dental equipment manufacturer and dental consumables producer that markets its products in over 120 countries.,818479,NASDAQ,USD,USA,LIFE SCIENCES,DENTAL EQUIPMENT & SUPPLIES,"SUSQUEHANNA COMMERCE CENTER, 221 W. PHILADELPHIA STREET, YORK, PA, US",December,2021-12-31,8542672000,986000000,20.76,18.91,23.19,0.43,0.0125,1.91,19.46,0.099,0.151,0.0431,0.0841,4251000000,2358000000,1.91,0.019,0.006,54.42,20.76,13.99,2.01,1.709,2.486,11.01,0.869,68.98,39.22,48.65,54.99,215452000,2022-04-08,2022-03-24
ZBH,Common Stock,Zimmer Biomet Holdings Inc,"Zimmer Biomet is a publicly traded medical device company. The company is headquartered in Warsaw, Indiana, where it is part of the medical devices business cluster.",1136869,NYSE,USD,USA,LIFE SCIENCES,"ORTHOPEDIC, PROSTHETIC & SURGICAL APPLIANCES & SUPPLIES","345 EAST MAIN STREET, WARSAW, IN, US",December,2021-12-31,25254699000,2387900000,63.17,2.634,60.58,0.96,0.008,1.91,37.57,0.0513,0.169,0.0345,0.0323,7836200000,5537000000,1.91,-0.405,-0.023,130.55,63.17,18.45,3.223,1.996,4.068,18.82,1.2,168.46,105.03,123.82,131.16,209322000,2022-04-29,2022-03-28
ZTS,Common Stock,Zoetis Inc,"Zoetis Inc. is an American drug company, the world's largest producer of medicine and vaccinations for pets and livestock.",1555280,NYSE,USD,USA,LIFE SCIENCES,PHARMACEUTICAL PREPARATIONS,"10 SYLVAN WAY, PARSIPPANY, NJ, US",December,2021-12-31,82313413000,3207000000,40.91,3.046,9.61,1,0.0073,4.27,16.39,0.262,0.361,0.128,0.489,7776000000,5481000000,4.27,0.159,0.089,248.82,40.91,34.36,10.59,18.39,11.16,27.47,0.758,248.44,164.26,188.97,204.65,471251000,2022-06-01,2022-04-20
